"gene","meta_p","meta_p_adj"
"ADNP",1.23946999791312e-19,2.56858719693316e-19
"ADNP2",6.83111135686186e-22,2.19595238252291e-21
"AEBP1",1.52779637550146e-28,2.43371106935563e-27
"AEBP2",7.15986598284259e-18,1.11281879308803e-17
"AHCTF1",4.81493416703138e-16,5.99818831015819e-16
"AHR",9.57332491787575e-29,1.57720528022003e-27
"AKAP8",2.41744553073866e-19,4.7984837492674e-19
"AKAP8L",6.19723613332155e-20,1.35010770221014e-19
"AKNA",2.40180673355754e-22,8.15871462584753e-22
"ANKZF1",7.37317827662927e-19,1.33854668988945e-18
"ARHGAP35",2.65006401170914e-27,3.638317049409e-26
"ARID2",1.76013008978731e-17,2.52157767210834e-17
"ARID3A",9.19018676678162e-20,1.95365583203519e-19
"ARID3B",4.0977106099384e-18,6.58632022426685e-18
"ARID5A",5.13462168717876e-13,5.91558687386504e-13
"ARID5B",9.00855973015263e-32,2.45197447358201e-30
"ARNT",4.2117285366091e-17,5.69923840990841e-17
"ASH1L",5.05732576064973e-06,5.23199007263449e-06
"ATF1",6.33213613454634e-19,1.15913269796279e-18
"ATF2",7.94089363855717e-17,1.05292734563565e-16
"ATF3",1.29931856422994e-25,1.12664596556254e-24
"ATF4",1.19846468425653e-24,7.52179263738148e-24
"ATF5",8.02419128310193e-24,3.94622541460013e-23
"ATF6",2.56735717055981e-16,3.27251136440796e-16
"ATF6B",1.29915683708893e-21,4.01945706873993e-21
"ATF7",8.92956717906951e-17,1.17691695420136e-16
"ATMIN",1.2471616148681e-22,4.61730058538246e-22
"BACH1",1.33364682944064e-19,2.72942006397945e-19
"BACH2",3.64648580600765e-26,3.93940023960499e-25
"BATF",2.56961180603489e-40,2.11671772522124e-38
"BAZ2A",4.07669067567717e-22,1.32341830308929e-21
"BAZ2B",1.55071407370762e-20,3.77092462942185e-20
"BBX",1.36717382291178e-21,4.196670157922e-21
"BCL11A",3.68886814367436e-35,1.73640293334386e-33
"BCL11B",2.77913947905229e-25,2.10511829505225e-24
"BCL6",7.7791857036917e-21,2.02627801530942e-20
"BHLHE40",3.75075293456258e-32,1.17702199232226e-30
"BPTF",1.21441713588237e-14,1.43939009450807e-14
"BRF2",1.17486381639349e-23,5.45236095072755e-23
"CAMTA1",1.55107534010526e-28,2.43371106935563e-27
"CAMTA2",7.65997671516673e-19,1.38299305624517e-18
"CARF",3.5355803530607e-19,6.71454597310375e-19
"CASZ1",4.19057479396726e-18,6.719194134366e-18
"CC2D1A",1.57543223343458e-18,2.69664893982698e-18
"CDC5L",1.14606099944126e-21,3.57940378498478e-21
"CEBPB",1.08607861632538e-27,1.55592566990962e-26
"CEBPD",1.16203119803061e-23,5.4310536134906e-23
"CEBPG",1.56322699341274e-19,3.16002021061042e-19
"CEBPZ",8.50157101613616e-19,1.5307473496267e-18
"CENPB",6.67629915880513e-15,8.04329277084566e-15
"CENPT",6.83998282191043e-21,1.81026051391123e-20
"CENPX",1.23617452772107e-21,3.8426368573971e-21
"CGGBP1",2.85253011956672e-17,3.98266387456455e-17
"CHAMP1",1.48813461183339e-21,4.51926594100555e-21
"CHCHD3",3.33117457066598e-20,7.75704608504904e-20
"CIC",1.07055606457953e-17,1.61072248072582e-17
"CLOCK",3.98879242523733e-19,7.48892936818063e-19
"CREB1",8.61218706974187e-18,1.319867739293e-17
"CREB3",1.02989350273992e-24,6.58931862432632e-24
"CREB3L2",1.27344149116892e-36,6.45536878984858e-35
"CREBL2",3.27677434858075e-19,6.27730899917067e-19
"CREBZF",7.45420791582746e-14,8.70979258250052e-14
"CREM",1.08894009956335e-10,1.20606979094495e-10
"CSRNP1",2.47075423292772e-12,2.80728799913684e-12
"CSRNP2",1.27314582550394e-18,2.20210787140971e-18
"CTCF",1.63450305751608e-21,4.91843614111005e-21
"CUX1",4.01364065496257e-18,6.46696623868051e-18
"CXXC1",4.71177407966365e-21,1.29918791568968e-20
"CXXC5",1.17107350647737e-19,2.44996012942409e-19
"DBP",9.21474601560567e-23,3.47001007101951e-22
"DDIT3",1.37645939043248e-08,1.49437683409391e-08
"DEAF1",1.36946674098029e-21,4.196670157922e-21
"DMTF1",2.15634121578847e-16,2.75393190155931e-16
"DNMT1",6.48853822024943e-25,4.3191380678226e-24
"DNTTIP1",4.40077099505801e-24,2.37713777519937e-23
"DOT1L",3.91205830011847e-17,5.31555962840839e-17
"DR1",2.66757855386794e-19,5.23194722321122e-19
"DRAP1",1.48198577520833e-25,1.24132599288456e-24
"E2F3",2.8363801442959e-17,3.96852338660509e-17
"E2F4",6.78709271191231e-21,1.80662307036879e-20
"E4F1",3.63772289786353e-23,1.48898098738638e-22
"EEA1",0.0621409884308374,0.0622354276229815
"EGR1",3.57613231037686e-06,3.71129321659582e-06
"ELF1",1.06758499982218e-12,1.21930418523885e-12
"ELF2",8.3865744847033e-21,2.16735395506646e-20
"ELF4",2.76067329304839e-19,5.38249615419789e-19
"ELK1",1.76426200231214e-23,7.90917455458299e-23
"ELK3",6.63545409979973e-33,2.30145486935159e-31
"ELK4",1.41587605427517e-17,2.07808979903638e-17
"EOMES",1.12745668191997e-14,1.3387278439374e-14
"ERF",1.63349054216558e-21,4.91843614111005e-21
"ESRRA",3.00146295805117e-24,1.70514145634114e-23
"ETS1",6.18453073365004e-08,6.63779438676771e-08
"ETS2",6.01636250345751e-21,1.61827873052184e-20
"ETV3",5.34554458582405e-11,5.97070149501364e-11
"ETV6",4.63704459117806e-16,5.7985054754959e-16
"FAM200B",8.51501683628413e-25,5.50136872069729e-24
"FLI1",4.24254878175517e-32,1.27083620326212e-30
"FLYWCH1",2.77727830592767e-24,1.59150122052725e-23
"FOS",9.3185970697412e-08,9.93682114718358e-08
"FOSB",2.72762838248858e-07,2.89453639945245e-07
"FOSL2",8.19773081618024e-15,9.78678370989634e-15
"FOXJ2",5.74186452607219e-18,9.00925886352756e-18
"FOXJ3",1.40740333339133e-18,2.42795496519604e-18
"FOXK1",2.50751104710905e-17,3.53087559838646e-17
"FOXK2",2.7298196187995e-26,3.10163987722219e-25
"FOXN2",5.7389504993268e-19,1.05347308608812e-18
"FOXN3",0.000208499392406167,0.000212366459962387
"FOXO1",0.00061472176404093,0.000624193593995335
"FOXO3",1.05137607257679e-18,1.84761821820828e-18
"FOXP1",4.27267664660318e-24,2.32701976042272e-23
"GABPA",2.38672729797851e-18,3.94198819390435e-18
"GATA3",1.06395630539133e-42,1.9041748960134e-40
"GATAD2A",1.02572892574916e-18,1.81221276694021e-18
"GATAD2B",4.78547952853568e-16,5.97278600247162e-16
"GFI1",1.78551557261121e-13,2.07889533984239e-13
"GLI4",4.95593718935394e-27,6.04807890330416e-26
"GLMP",2.72713345463261e-26,3.10163987722219e-25
"GLYR1",4.64650265455834e-17,6.26185122567269e-17
"GMEB1",4.29482975636853e-20,9.75963037740298e-20
"GMEB2",1.40484929771002e-25,1.20233206128688e-24
"GPBP1",2.52525591900554e-21,7.4292127260029e-21
"GPBP1L1",2.94793377969439e-18,4.85672090204651e-18
"GTF2B",4.44268974488701e-13,5.127377481402e-13
"GTF2I",4.34975489233296e-15,5.27898429842987e-15
"GTF2IRD2",9.89785751234565e-24,4.72658558017086e-23
"GTF2IRD2B",1.31146126902715e-19,2.70079055090278e-19
"GTF3A",8.11994829022107e-46,2.67552296162784e-43
"GZF1",8.85757197530574e-23,3.37406932469739e-22
"HBP1",4.22324781039289e-13,4.88266720534897e-13
"HIF1A",1.16492590158081e-05,1.19577284913046e-05
"HINFP",3.91854736136548e-24,2.17001908499147e-23
"HIVEP1",1.28533079201486e-05,1.31731413987215e-05
"HIVEP2",1.52687119563093e-08,1.6549475623697e-08
"HIVEP3",2.1699755946189e-22,7.52638903607293e-22
"HMBOX1",2.72143603981582e-17,3.8239367808926e-17
"HMG20A",9.88724390756021e-24,4.72658558017086e-23
"HMG20B",7.38170250302118e-21,1.94581677979638e-20
"HMGA1",1.4394730062211e-23,6.49734733629933e-23
"HMGN3",2.1354481880491e-19,4.27738710007403e-19
"HOXB2",1.48808427068104e-25,1.24132599288456e-24
"HSF1",4.54130008471027e-21,1.26049591649568e-20
"HSF2",9.57936285039542e-09,1.04343803610092e-08
"IKZF1",2.18328030724797e-05,2.23066933717273e-05
"IKZF2",0.000223962198749202,0.000227764026197106
"IKZF3",9.21099831073412e-23,3.47001007101951e-22
"IKZF5",2.64507478976104e-15,3.227970900838e-15
"IRF1",4.94677963310835e-15,5.9925142981956e-15
"IRF2",1.25677503958129e-17,1.86534853847763e-17
"IRF3",2.07662346517243e-29,3.60130227249639e-28
"IRF4",3.19320289347735e-06,3.31911783407188e-06
"IRF5",1.857481926019e-31,4.08026863082173e-30
"IRF7",4.19937303375879e-16,5.291370610415e-16
"IRF9",3.60794670446835e-22,1.18881843912232e-21
"JAZF1",2.47853876867998e-31,5.2688937050326e-30
"JRKL",1.07475522284606e-24,6.81022780630343e-24
"JUN",1.68416598250523e-07,1.7901054555983e-07
"JUNB",8.24450726430547e-06,8.50255131013663e-06
"JUND",4.39391542473931e-07,4.61816629171165e-07
"KAT7",1.38661655523105e-16,1.79878013759304e-16
"KCMF1",3.42519188326573e-19,6.54261290165831e-19
"KDM2A",1.78918471986683e-09,1.95534449484617e-09
"KDM2B",2.01568369468022e-18,3.3714100375489e-18
"KDM5B",1.12280633136428e-17,1.68096943170421e-17
"KIN",3.53318155537038e-20,8.19847410207422e-20
"KLF10",7.62211679239259e-26,7.07461262843199e-25
"KLF11",2.7866554967987e-26,3.11255249557685e-25
"KLF12",5.67963509461879e-08,6.11581622116631e-08
"KLF13",1.71941901062307e-17,2.46862119390109e-17
"KLF16",7.68151714115975e-24,3.80610510979269e-23
"KLF2",1.55047024504139e-07,1.65066218333162e-07
"KLF3",9.48309887804496e-10,1.04156036010527e-09
"KLF4",7.26609618972402e-24,3.65523464811308e-23
"KLF6",2.83415832967149e-34,1.24514022616901e-32
"KLF7",9.0420742058582e-07,9.44330729264747e-07
"KLF9",4.31626600678875e-11,4.83744778652004e-11
"KMT2A",1.39456122603237e-23,6.33804033072643e-23
"KMT2B",7.58010321960052e-24,3.78430910736117e-23
"L3MBTL3",5.23899294316484e-17,7.03156079337196e-17
"LCOR",9.10786453922348e-18,1.38937100262691e-17
"LCORL",3.68070997873179e-19,6.97008010340301e-19
"LEF1",8.17053345071455e-39,4.89489231274626e-37
"LIN54",1.38120280556157e-17,2.03172466264525e-17
"LYL1",2.88194773530928e-31,5.93501111740255e-30
"MAF",1.00401879305118e-33,3.89204932129839e-32
"MAFF",5.41512516748417e-21,1.47240521321408e-20
"MAX",2.75909041207299e-23,1.17305843971361e-22
"MAZ",1.13647605864002e-11,1.28462731156736e-11
"MBD1",3.90682860021231e-20,8.93958349840247e-20
"MBD2",1.92684520677877e-18,3.23926273282451e-18
"MBD4",1.04644150104769e-21,3.31540840956936e-21
"MBD6",4.68918477986861e-20,1.05107917344674e-19
"MBNL2",3.32950512823508e-27,4.21950746059022e-26
"MECP2",2.28768681621874e-22,7.87988190683707e-22
"MEF2A",6.73072026018995e-05,6.86616819112256e-05
"MEF2C",3.901635925288e-16,4.925628495718e-16
"MEF2D",2.92459160463425e-17,4.06604613386914e-17
"MGA",1.69993830873902e-17,2.44598110362231e-17
"MLX",7.52951733775657e-21,1.97687327712413e-20
"MLXIP",2.81055473096402e-07,2.97774207026574e-07
"MNT",4.68561312929063e-20,1.05107917344674e-19
"MSANTD4",1.69368423430235e-22,6.09911426450957e-22
"MTERF1",1.92477178420294e-25,1.57101344721771e-24
"MTERF2",1.51831570396857e-24,9.17954173316775e-24
"MTERF3",1.20737826729167e-25,1.06088303752694e-24
"MTERF4",2.11416698785035e-12,2.40627987045489e-12
"MTF1",1.38403483947531e-19,2.82377386753632e-19
"MTF2",4.3706139381291e-23,1.75624060074822e-22
"MXD1",2.61889760823321e-20,6.16376258509173e-20
"MXD4",1.47856785730639e-30,2.70660060545809e-29
"MXI1",7.57515798039924e-16,9.38351336293816e-16
"MYBL1",1.41574240557721e-31,3.58836248182838e-30
"MYC",8.90498825654989e-10,9.79697372465172e-10
"MYNN",1.82405474751686e-20,4.40312116708283e-20
"MYSM1",8.07633230521316e-18,1.24063006739755e-17
"MZF1",8.1338456630728e-21,2.11031665037991e-20
"NACC2",4.14817053436818e-21,1.17323793225263e-20
"NCOA1",2.18516832107159e-18,3.6364290999651e-18
"NCOA2",1.03075976499673e-17,1.55796028700193e-17
"NCOA3",0.0126106686705821,0.0127070805105712
"NFAT5",1.80419912331236e-16,2.32220160598212e-16
"NFATC1",7.44991961749194e-18,1.15517577127698e-17
"NFATC2",9.51655725809803e-31,1.84453271561371e-29
"NFATC3",1.5904095549719e-10,1.75557771645977e-10
"NFE2",5.21950449227455e-06,5.39130636427731e-06
"NFE2L1",3.87792436238453e-19,7.32249901092094e-19
"NFE2L2",1.71399548790903e-18,2.9111418209589e-18
"NFE2L3",1.87061215461177e-18,3.16085489715168e-18
"NFIA",1.12154994145529e-27,1.57255619450859e-26
"NFIC",5.7258382936307e-21,1.54644567028796e-20
"NFKB1",7.11679320722678e-07,7.46809987828415e-07
"NFKB2",1.0127073486814e-17,1.53419343168055e-17
"NFX1",1.09744026584709e-17,1.64741033073629e-17
"NFXL1",2.86073621364241e-17,3.98567688116352e-17
"NFYA",1.01530248949584e-16,1.33549768578395e-16
"NFYB",1.7706358483306e-22,6.3415707828797e-22
"NFYC",1.44738347389188e-19,2.93484833629153e-19
"NKRF",2.40963704184931e-25,1.91319374768517e-24
"NME2",3.60132030033341e-17,4.93403342602851e-17
"NR1D1",2.73983942424497e-27,3.68480445015803e-26
"NR1D2",8.68443739809956e-14,1.01292818501728e-13
"NR1H2",1.98192894442375e-17,2.82703717397241e-17
"NR2C1",8.73949720815083e-21,2.24098391446358e-20
"NR2C2",8.89814090482894e-17,1.17512522169985e-16
"NR3C1",2.55567168040629e-25,1.98139722045617e-24
"NR3C2",9.07052125501122e-11,1.00970836267777e-10
"NR4A1",7.75496567006285e-08,8.28285636397313e-08
"NR4A2",4.23763950153182e-07,4.46102944330586e-07
"NR4A3",9.73261842738342e-09,1.05838210291183e-08
"NRF1",3.77444100421288e-16,4.77419697077982e-16
"PA2G4",6.44208420116948e-20,1.39649127913509e-19
"PATZ1",3.459369954221e-25,2.55097818585308e-24
"PBX2",5.16798442601692e-19,9.52316151591242e-19
"PBX3",9.88359148059119e-28,1.47644950028825e-26
"PBX4",3.11336277317286e-17,4.30127058180485e-17
"PCGF6",4.85298364188291e-23,1.92657603614508e-22
"PHF1",3.08736400672365e-24,1.73895117985546e-23
"PHF19",3.25274643568716e-19,6.24944577585376e-19
"PHF20",1.26089671182266e-24,7.76570965505734e-24
"PHF21A",4.57892601033424e-19,8.54819331674296e-19
"PIN1",6.98384113025929e-34,2.87646956552555e-32
"PKNOX1",2.09010925617789e-18,3.48704303752211e-18
"PLAG1",5.24190423622704e-26,5.15584312190093e-25
"PLAGL2",2.38383475854676e-20,5.65088887008027e-20
"PLSCR1",2.67138339488481e-15,3.25405112241976e-15
"POGK",4.5523221263425e-21,1.26049591649568e-20
"POU2F1",5.15237990044428e-22,1.66442076195725e-21
"POU2F2",2.84307785769711e-22,9.51060054935227e-22
"PPARA",1.1514413568297e-23,5.4199989582198e-23
"PRDM1",9.34554789266015e-41,1.02645267687717e-38
"PRDM10",3.87548350124186e-17,5.27674303164956e-17
"PRDM15",5.17326126105392e-15,6.25537462575143e-15
"PRDM2",2.00622532210263e-16,2.57218382736505e-16
"PRDM4",4.82320662132593e-20,1.07745530964535e-19
"PRDM8",1.39462892737509e-15,1.71147199839885e-15
"PREB",2.81813692268598e-21,8.18128736585929e-21
"PRMT3",8.13103339163438e-20,1.73972435230099e-19
"PRR12",2.1166757250605e-17,3.01271987648999e-17
"PURA",6.20762721957016e-20,1.35010770221014e-19
"PURB",8.84474428050647e-19,1.57657333644771e-18
"RARA",7.61741890268546e-41,1.00397581137394e-38
"RARG",4.59076492917087e-26,4.6543293666517e-25
"RBAK",1.20500994027252e-19,2.50505221021952e-19
"RBCK1",1.69293669871455e-31,3.89880125763321e-30
"RBPJ",1.12840085931464e-29,2.00977342240094e-28
"RBSN",6.79882430123612e-21,1.80662307036879e-20
"REL",2.74488801729168e-12,3.11339277692808e-12
"RELA",5.92974762723642e-20,1.3025678954496e-19
"RELB",1.26368628125568e-16,1.6523199590228e-16
"REPIN1",1.34154729782518e-23,6.182375309558e-23
"REST",4.04039791789289e-27,5.02381552432342e-26
"REXO4",3.21586369161252e-21,9.29497444198531e-21
"RFX1",3.06154536533685e-17,4.24037524964703e-17
"RFX2",6.08604574520595e-08,6.54274738350852e-08
"RFX3",4.60042413449207e-11,5.14716384487314e-11
"RFX5",5.23109364006083e-18,8.24710695885189e-18
"RFX7",3.97887165031088e-19,7.48892936818063e-19
"RLF",1.35614099489358e-09,1.48701649856051e-09
"RORA",5.42935457983342e-21,1.47240521321408e-20
"RREB1",1.05226246255958e-17,1.58682142523287e-17
"RUNX1",1.21734815824908e-10,1.34602757766132e-10
"RUNX2",5.39566262585214e-32,1.54597463932024e-30
"RUNX3",3.81577401126145e-22,1.25104232508522e-21
"RXRA",1.361495099157e-16,1.76967508943681e-16
"RXRB",1.53808548257239e-20,3.75406790005632e-20
"SAFB",1.51378068149509e-17,2.20216659846636e-17
"SAFB2",4.99092890986082e-24,2.6192935490025e-23
"SATB1",1.32118577453386e-40,1.24380203631116e-38
"SCMH1",1.34872359166072e-14,1.59284739588604e-14
"SCML4",4.72822607041811e-10,5.210536756531e-10
"SETDB1",1.19595148392001e-20,2.96290236053867e-20
"SETDB2",1.32602234457787e-17,1.95491884804656e-17
"SGSM2",9.73551390627072e-21,2.46757833239708e-20
"SKI",3.6127464260687e-17,4.93941886883667e-17
"SKIL",7.75140099763054e-08,8.28285636397313e-08
"SLC2A4RG",6.61478333953275e-13,7.59432442639736e-13
"SMAD3",1.00819768608454e-27,1.47644950028825e-26
"SMAD4",1.35744462762503e-16,1.76789725218358e-16
"SMAD5",1.10910810633159e-36,6.09085201727098e-35
"SMYD3",1.48065777290744e-16,1.91700092798822e-16
"SNAI1",3.55220779464676e-07,3.75145021902599e-07
"SNAI3",9.30187584818668e-32,2.45197447358201e-30
"SNAPC2",3.20121315838516e-19,6.18650871371208e-19
"SNAPC5",6.36602888563729e-21,1.70537115269714e-20
"SON",6.9053081967058e-11,7.6998275831288e-11
"SOX13",9.2653351370053e-31,1.84453271561371e-29
"SOX4",2.70173426990771e-68,1.78044288386918e-65
"SP1",4.37408628756961e-17,5.90680914653356e-17
"SP100",2.80715800139318e-33,1.0277317349545e-31
"SP110",8.03371644856099e-15,9.60838319346949e-15
"SP140",1.07145799443904e-39,7.06090818335329e-38
"SP140L",5.277753270908e-23,2.0826583266637e-22
"SP2",7.31806180907147e-20,1.58118122366495e-19
"SP3",2.40898437490238e-14,2.83485839832262e-14
"SP4",5.48009141358549e-17,7.3253148915879e-17
"SPEN",4.36793343415722e-16,5.47237287663423e-16
"SPI1",3.12922986288946e-25,2.34336645414109e-24
"SRCAP",5.9848156323118e-17,7.95159980180136e-17
"SREBF1",6.61512392916127e-23,2.54933723351887e-22
"SREBF2",3.78177536259816e-20,8.68358872457209e-20
"SRF",7.18388664266275e-22,2.28704410507959e-21
"STAT1",3.46826419611149e-26,3.80931017539578e-25
"STAT2",8.02785687114932e-18,1.2360648780578e-17
"STAT3",3.06149924823176e-07,3.23840771201401e-07
"STAT4",9.79602924774973e-26,8.96608788092649e-25
"STAT5A",1.12489760148947e-17,1.68096943170421e-17
"STAT5B",6.04239636932576e-23,2.35617704579034e-22
"STAT6",1.26660777197858e-18,2.20210787140971e-18
"TBP",2.10562032370761e-23,9.3757013062386e-23
"TBPL1",3.33371431607982e-21,9.59352722400263e-21
"TBX21",1.47919490917836e-31,3.61033127832792e-30
"TCF12",1.40340391216511e-14,1.6544600681875e-14
"TCF20",5.40961538377319e-17,7.24580597135474e-17
"TCF7",3.30772787908447e-40,2.42199185812963e-38
"TERF1",7.92265878541807e-20,1.70066193472004e-19
"TERF2",4.18262824294305e-21,1.17792821029892e-20
"TET2",4.63075638532894e-18,7.33574148541291e-18
"TET3",2.94972174500801e-23,1.23813161143967e-22
"TFAP4",0.002917406558213,0.00294872840776437
"TFCP2",1.65110084530029e-16,2.1293061781857e-16
"TFDP1",3.1298677430143e-19,6.06642012543065e-19
"TFDP2",3.20747902861188e-09,3.4995507944623e-09
"TFE3",2.77722093584557e-17,3.89401829089836e-17
"TFEB",2.97274904093197e-18,4.87323785565713e-18
"TGIF1",2.43905342859085e-23,1.06446106585521e-22
"TGIF2",5.67274210000655e-24,2.92057581555025e-23
"THAP1",1.28643548925816e-20,3.172290350415e-20
"THAP11",1.50297795367447e-22,5.44210149160152e-22
"THAP12",2.5006745796806e-19,4.93396571260334e-19
"THAP3",5.34820736293294e-25,3.73099146455444e-24
"THAP4",1.07507404943393e-20,2.69381672462723e-20
"THAP5",2.92106838887435e-20,6.85047711127473e-20
"THAP6",3.32263955518104e-18,5.4198501655057e-18
"THAP7",2.13717531492385e-23,9.45233914452896e-23
"THRA",1.08510818486375e-20,2.70866020388336e-20
"THYN1",2.67751685474941e-22,9.00246738408092e-22
"TIGD1",3.73907672476909e-23,1.52101948248323e-22
"TMF1",4.60538893308883e-24,2.44754137653672e-23
"TOPORS",9.96865985383848e-20,2.10382041598582e-19
"TP53",1.32817722812806e-19,2.72669406023798e-19
"TRAFD1",5.59425430375613e-20,1.23711865307896e-19
"TRERF1",1.93098769688368e-25,1.57101344721771e-24
"TRPS1",3.10935202546908e-16,3.94809823657827e-16
"TSC22D1",9.01821283209164e-12,1.02113440830728e-11
"TSHZ1",1.46942383403933e-22,5.37972392573287e-22
"TSHZ2",4.42920903455867e-14,5.19368105653765e-14
"TTF1",1.92904572209362e-20,4.62269502130798e-20
"UBP1",2.2785524326358e-17,3.23613373514438e-17
"USF1",3.1117025082926e-20,7.27167359207385e-20
"USF2",1.21309297314249e-24,7.54177612548018e-24
"USF3",3.15712734150698e-18,5.16264743933772e-18
"VEZF1",7.54081153291338e-19,1.36521835170053e-18
"XBP1",1.15579659849068e-42,1.9041748960134e-40
"XPA",2.33523577928786e-22,7.97368071787929e-22
"YBX1",0.0219868349489782,0.0221211056967582
"YBX3",2.92858805728011e-08,3.15865716816299e-08
"YY1",1.3755398393189e-21,4.196670157922e-21
"ZBED1",6.90543628742144e-22,2.20906918126735e-21
"ZBED4",2.23389031262346e-18,3.6988284322082e-18
"ZBED5",1.21221899868907e-15,1.49878484078067e-15
"ZBED6",4.35616850270067e-23,1.75624060074822e-22
"ZBTB1",1.05502158714377e-10,1.17244388857967e-10
"ZBTB10",1.61098750970988e-12,1.83674873511905e-12
"ZBTB11",4.779303780262e-17,6.42767590039318e-17
"ZBTB14",3.97261970183133e-24,2.18163031958904e-23
"ZBTB16",1.36031372623851e-30,2.56127641597479e-29
"ZBTB17",2.21870926442885e-18,3.68294560518542e-18
"ZBTB18",1.29496629654673e-16,1.68986690975108e-16
"ZBTB2",2.48258253776758e-23,1.07633019236108e-22
"ZBTB20",0.0271778374389084,0.0273021263296351
"ZBTB21",7.94709483645793e-15,9.52206454041051e-15
"ZBTB22",2.11816421449212e-25,1.70228075286623e-24
"ZBTB24",4.4658614124136e-20,1.01134112397958e-19
"ZBTB25",3.45837440464948e-19,6.58690385163008e-19
"ZBTB33",1.80693315673969e-18,3.06110269997804e-18
"ZBTB37",1.85692574431558e-19,3.74224484863599e-19
"ZBTB38",7.89055229022242e-29,1.33330101519399e-27
"ZBTB4",2.96401825644006e-18,4.87104247130673e-18
"ZBTB40",5.74785516455213e-17,7.65219505745425e-17
"ZBTB41",1.64469442766472e-17,2.37167095805481e-17
"ZBTB43",4.84897895774232e-21,1.32592412163991e-20
"ZBTB44",8.79706822962936e-19,1.57534455525156e-18
"ZBTB48",5.39600625506417e-26,5.22356535966028e-25
"ZBTB49",2.43619065700741e-17,3.4451709076564e-17
"ZBTB5",1.58058085617876e-18,2.69845280886477e-18
"ZBTB7A",2.73424690301689e-25,2.09519617335829e-24
"ZBTB7B",1.30576035022751e-17,1.92936338744378e-17
"ZC3H8",9.88444633451505e-19,1.7510349823778e-18
"ZEB1",2.27660334494848e-08,2.46351659166018e-08
"ZEB2",3.65791209562021e-32,1.17702199232226e-30
"ZFAT",2.35898867097979e-17,3.34316889070039e-17
"ZFP14",2.00239294568574e-22,7.01902633620692e-22
"ZFP62",5.00776060647224e-26,5.00017309040182e-25
"ZFP64",2.44464249175697e-13,2.83630176420395e-13
"ZFP90",2.55057960466776e-20,6.02448730995e-20
"ZFP91",4.82846959372199e-19,8.9380939951202e-19
"ZFX",5.90604984859359e-16,7.32973041473291e-16
"ZFY",6.3564597179488e-08,6.81123081972074e-08
"ZGPAT",8.92899207833432e-19,1.58603929369874e-18
"ZHX1",1.29009683446316e-20,3.172290350415e-20
"ZHX2",1.40784576775728e-11,1.58864787834254e-11
"ZKSCAN1",1.4468727408784e-17,2.11416659919926e-17
"ZKSCAN5",1.85793918113509e-11,2.08938894260755e-11
"ZKSCAN8",3.34226101716219e-18,5.4250000253938e-18
"ZMAT1",1.51892869135238e-17,2.20478856299827e-17
"ZNF10",4.40705853481553e-06,4.56643329315006e-06
"ZNF100",4.55535814442514e-19,8.52835516243229e-19
"ZNF101",7.64397130180022e-07,8.00854862939006e-07
"ZNF107",1.31678277984056e-15,1.61895494760248e-15
"ZNF12",2.77221507802631e-21,8.08358290451036e-21
"ZNF121",9.84703084510993e-20,2.08655733984805e-19
"ZNF124",2.9253754737267e-27,3.85564487437179e-26
"ZNF131",3.75277246680165e-20,8.6471225721059e-20
"ZNF134",7.54167544656269e-25,4.92075655374734e-24
"ZNF136",4.74458414352843e-23,1.89495815186984e-22
"ZNF138",2.87785045900743e-23,1.21570734133711e-22
"ZNF14",3.94084639569251e-07,4.15522843961819e-07
"ZNF141",1.50151942313287e-06,1.56319320670546e-06
"ZNF142",7.59053477575179e-18,1.17421652986395e-17
"ZNF143",1.17486039181564e-18,2.04823544499075e-18
"ZNF146",2.06487309294751e-19,4.14863222028173e-19
"ZNF148",6.34988491050547e-13,7.30292173826021e-13
"ZNF160",3.57339830383706e-20,8.26269993764429e-20
"ZNF169",2.15227184209043e-22,7.50448224305606e-22
"ZNF18",1.60756705745136e-17,2.32321642732553e-17
"ZNF189",2.1593257245926e-20,5.13716842060118e-20
"ZNF195",3.42315521574874e-23,1.40991205448651e-22
"ZNF197",1.11972949112608e-16,1.46700146054092e-16
"ZNF207",4.28094991719267e-20,9.75963037740298e-20
"ZNF211",9.92488575666614e-23,3.71619301911533e-22
"ZNF217",6.08459867479298e-18,9.52434804439091e-18
"ZNF22",8.72805126327693e-20,1.86141934708722e-19
"ZNF224",2.58090494548125e-19,5.07706375842431e-19
"ZNF226",8.29430737251823e-24,4.04885078406631e-23
"ZNF227",3.4743471166141e-22,1.15055012555211e-21
"ZNF235",1.09699998786604e-06,1.14386549367678e-06
"ZNF236",5.64342334627117e-17,7.52837243966134e-17
"ZNF24",1.37473975007545e-22,5.06119271117163e-22
"ZNF248",0.0433629375693075,0.0434949404233997
"ZNF25",3.70825337688687e-21,1.05789566033266e-20
"ZNF250",1.96066572612634e-20,4.68144461419296e-20
"ZNF254",2.63549811603044e-23,1.12778783017147e-22
"ZNF26",4.45949585860781e-18,7.09856949474045e-18
"ZNF260",5.57484465109303e-16,6.93174080201944e-16
"ZNF263",7.46846177877218e-25,4.92075655374734e-24
"ZNF264",2.42375750883027e-23,1.06446106585521e-22
"ZNF266",7.71569477926128e-18,1.19078287108505e-17
"ZNF267",1.18498056355376e-22,4.41187678746853e-22
"ZNF273",2.17761525807482e-24,1.28129326345652e-23
"ZNF274",3.88000266954978e-22,1.2658028511056e-21
"ZNF275",1.37632046381124e-23,6.29857767813614e-23
"ZNF276",4.3492096372714e-18,6.93978002654202e-18
"ZNF277",2.52404804485934e-23,1.08715533435445e-22
"ZNF280C",4.62730408955886e-14,5.41632929843568e-14
"ZNF280D",4.76401982968544e-19,8.84363117679634e-19
"ZNF281",1.43876284056963e-19,2.92637256770182e-19
"ZNF286A",5.07601653241941e-20,1.13009962664338e-19
"ZNF292",3.48187752704018e-17,4.79030749544777e-17
"ZNF3",5.75378954464464e-24,2.93933899993862e-23
"ZNF302",1.75951150891665e-11,1.98208219551465e-11
"ZNF316",4.59452195825436e-18,7.29587944696295e-18
"ZNF317",4.56113619803121e-20,1.02937971044608e-19
"ZNF318",1.49394226805564e-17,2.17811494391298e-17
"ZNF319",2.19086771001575e-21,6.50352171576746e-21
"ZNF32",3.02291868517223e-23,1.2608249452712e-22
"ZNF324",4.51762078601009e-24,2.42041633982166e-23
"ZNF326",6.16464819224776e-18,9.62678473623525e-18
"ZNF331",1.09795516414844e-05,1.1287869784303e-05
"ZNF333",2.58143130661665e-24,1.49224844829857e-23
"ZNF335",4.03408396063941e-17,5.47008504127854e-17
"ZNF337",3.59878838784037e-11,4.04020706573561e-11
"ZNF33A",1.19034558307525e-17,1.77474601639499e-17
"ZNF33B",3.82828140413334e-21,1.08742993332925e-20
"ZNF346",1.27254809998449e-18,2.20210787140971e-18
"ZNF350",1.03027367361226e-20,2.60134234065318e-20
"ZNF354A",1.07516440974e-21,3.39011170343855e-21
"ZNF354B",6.09400016297347e-25,4.14015062618507e-24
"ZNF362",7.11014032360294e-27,8.51924086046244e-26
"ZNF37A",1.4468312089411e-17,2.11416659919926e-17
"ZNF382",3.86101462267075e-14,4.53548776531199e-14
"ZNF384",1.51336323856428e-20,3.70745864020022e-20
"ZNF394",7.87440205734685e-15,9.45215110344549e-15
"ZNF397",1.97359541115118e-22,6.95507687673064e-22
"ZNF398",8.41242627773197e-17,1.11321062590871e-16
"ZNF407",3.25888982236928e-15,3.96237710874789e-15
"ZNF41",1.65417961308234e-18,2.81680714475778e-18
"ZNF410",1.12096298940532e-18,1.9646665160056e-18
"ZNF414",2.1557033525649e-24,1.27982748589213e-23
"ZNF417",6.58151127609568e-19,1.20144485621802e-18
"ZNF428",6.5768919359784e-28,1.0079469269325e-26
"ZNF429",3.74639643316368e-25,2.71304972467568e-24
"ZNF43",9.50631055974399e-21,2.41878712697733e-20
"ZNF430",2.46949748190065e-19,4.8870836053229e-19
"ZNF431",2.05620895808021e-15,2.51399202852478e-15
"ZNF439",3.78049959568339e-17,5.15807294731957e-17
"ZNF44",2.73794409460141e-21,8.01913403707702e-21
"ZNF444",4.06766736334577e-25,2.91368781787485e-24
"ZNF445",7.09452975669129e-18,1.10527071150344e-17
"ZNF45",6.89474695386077e-15,8.29131066166833e-15
"ZNF451",2.31002461505554e-13,2.68484342384762e-13
"ZNF460",8.56097838644999e-19,1.53724380290751e-18
"ZNF480",5.19231901354338e-20,1.15210041411619e-19
"ZNF483",3.68682324459257e-18,5.96957375475799e-18
"ZNF484",7.44081085568772e-20,1.60244913526085e-19
"ZNF487",1.6991022375566e-21,5.08958352068091e-21
"ZNF490",9.53582588412115e-13,1.09099119056178e-12
"ZNF493",1.03982100962524e-16,1.36502399470723e-16
"ZNF506",1.38796221140638e-09,1.51938056032692e-09
"ZNF507",1.14838140061608e-18,2.00738287269495e-18
"ZNF511",1.14075325061676e-21,3.57940378498478e-21
"ZNF512",3.59722910995809e-17,4.93403342602851e-17
"ZNF518A",4.75367115370848e-18,7.51239637960165e-18
"ZNF518B",1.25801921925072e-19,2.59885475074051e-19
"ZNF524",1.07006559979981e-23,5.07318870696455e-23
"ZNF529",1.03595836842559e-18,1.82539188447183e-18
"ZNF540",5.26519471331161e-15,6.35487786826438e-15
"ZNF544",3.3357848541422e-18,5.4250000253938e-18
"ZNF548",6.93020877751452e-23,2.65523696766399e-22
"ZNF549",1.23995929593821e-15,1.5302119401185e-15
"ZNF550",0.000785735994053532,0.000795391735915941
"ZNF558",3.23119843260874e-19,6.22619814938352e-19
"ZNF559",1.33437563350311e-24,8.14216243035694e-24
"ZNF561",5.54866753833663e-24,2.8791904785542e-23
"ZNF562",1.06326877102401e-20,2.67440503856802e-20
"ZNF564",4.72144410909781e-19,8.78935499405496e-19
"ZNF566",1.99491432753057e-24,1.19513503803877e-23
"ZNF567",1.138689465847e-25,1.0140491324232e-24
"ZNF568",1.49471894751276e-22,5.44209826746358e-22
"ZNF569",4.16167307184563e-26,4.35324214975599e-25
"ZNF570",1.56920397848993e-18,2.69298286933558e-18
"ZNF571",4.27937380355038e-21,1.19496073582191e-20
"ZNF574",3.48388523105884e-25,2.55097818585308e-24
"ZNF580",1.10526971326154e-20,2.74857638128058e-20
"ZNF581",9.24781007401706e-24,4.48110796968915e-23
"ZNF585A",5.69737870212424e-20,1.25570988785949e-19
"ZNF585B",9.43609085957428e-06,9.71622480696789e-06
"ZNF586",4.54700046023134e-26,4.6543293666517e-25
"ZNF587",9.99234886500095e-20,2.10382041598582e-19
"ZNF587B",3.16598985583937e-17,4.36482701882457e-17
"ZNF592",9.44884951926667e-18,1.43805816009163e-17
"ZNF598",4.34335409611679e-25,3.0777100530548e-24
"ZNF600",3.85353137461153e-18,6.2242087643848e-18
"ZNF609",0.0737627529528178,0.0737627529528178
"ZNF611",1.13553376828659e-19,2.38317437356963e-19
"ZNF621",1.81904526810573e-17,2.60032718369127e-17
"ZNF623",8.00994536775357e-13,9.1800939084341e-13
"ZNF624",5.17343220439552e-19,9.52316151591242e-19
"ZNF626",3.58857086010088e-24,2.00412559051397e-23
"ZNF639",2.67704297730685e-19,5.23492973900656e-19
"ZNF641",8.94391819945827e-18,1.3675271678522e-17
"ZNF644",1.06813232377322e-10,1.18501549051608e-10
"ZNF646",3.30499996760615e-23,1.3698081626745e-22
"ZNF652",8.84313429116083e-15,1.05382016236437e-14
"ZNF654",1.9908830833283e-16,2.55748918501628e-16
"ZNF655",1.95359452902172e-21,5.82542441006929e-21
"ZNF66",4.21943075582909e-16,5.30649783986902e-16
"ZNF664",4.30949424664115e-18,6.89309880712747e-18
"ZNF669",2.51522953272251e-24,1.46684624961428e-23
"ZNF672",8.64025990763237e-21,2.22419190591005e-20
"ZNF675",2.48808848125544e-21,7.35269196927057e-21
"ZNF678",1.52611027032891e-16,1.97197385911128e-16
"ZNF680",2.29580777862324e-22,7.87988190683707e-22
"ZNF682",3.12497129740547e-16,3.9603001634427e-16
"ZNF683",1.71570920290384e-31,3.89880125763321e-30
"ZNF687",3.44312694801778e-22,1.14597002966855e-21
"ZNF688",1.79733101516396e-22,6.40238453509755e-22
"ZNF689",5.46928694714051e-26,5.22356535966028e-25
"ZNF692",5.37851576832582e-25,3.73099146455444e-24
"ZNF699",9.029384750487e-21,2.3063428490585e-20
"ZNF7",5.66709084999156e-23,2.22298385127645e-22
"ZNF700",1.19569658420128e-17,1.77869988485022e-17
"ZNF701",2.3590757326046e-26,2.7761266210472e-25
"ZNF706",3.49668986702537e-13,4.0497691078554e-13
"ZNF708",1.2899289044263e-15,1.58890308040548e-15
"ZNF714",5.59267641320623e-25,3.83913932948219e-24
"ZNF718",0.00414290624526184,0.00418097276512642
"ZNF721",1.27513639965668e-14,1.50864432203546e-14
"ZNF736",1.89574274510373e-20,4.55946886504875e-20
"ZNF737",1.45958122400867e-15,1.78785135059798e-15
"ZNF740",1.29542786711396e-17,1.91839767287213e-17
"ZNF746",2.13116832198618e-16,2.72706781395901e-16
"ZNF75A",4.78797258563227e-21,1.31469747247153e-20
"ZNF75D",3.00771512987048e-16,3.82641751078116e-16
"ZNF76",4.22763124652062e-21,1.18553574104557e-20
"ZNF766",3.66543511566764e-21,1.05022684401086e-20
"ZNF770",1.5394503556916e-17,2.22966546022145e-17
"ZNF780A",6.917623045854e-26,6.51244798173969e-25
"ZNF780B",2.52169653782263e-08,2.72425904659855e-08
"ZNF782",4.24697509739085e-16,5.33096493177252e-16
"ZNF783",5.9610254906354e-24,3.02178138332979e-23
"ZNF789",3.13253048583863e-27,4.04772076503463e-26
"ZNF790",6.35967245914439e-25,4.27655525568995e-24
"ZNF791",1.89051786317258e-18,3.18632038831389e-18
"ZNF8",5.95783015872428e-20,1.30438872910276e-19
"ZNF800",5.0080574685025e-24,2.6192935490025e-23
"ZNF805",5.67933714751691e-18,8.93241809120202e-18
"ZNF808",9.94629788241024e-18,1.51027887200653e-17
"ZNF814",6.20412726826526e-23,2.40501168810989e-22
"ZNF821",1.85223907620953e-22,6.56250296355959e-22
"ZNF827",1.44988564306459e-18,2.49471185059939e-18
"ZNF83",2.48141117185072e-17,3.50160591488143e-17
"ZNF830",7.61233215667441e-21,1.99068527430493e-20
"ZNF831",2.00512912263388e-18,3.36229030996368e-18
"ZNF836",2.53167197170317e-25,1.98139722045617e-24
"ZNF84",1.65922248310435e-05,1.69786896951206e-05
"ZNF841",3.06285071142942e-17,4.24037524964703e-17
"ZNF844",0.000728796615293908,0.000738887645351823
"ZNF880",3.70986943505454e-26,3.94323218984022e-25
"ZNF891",1.19771884618105e-19,2.49777442921934e-19
"ZNF91",8.50846369111835e-07,8.90012313086824e-07
"ZNF92",2.26813443458509e-19,4.52939573451992e-19
"ZSCAN16",1.13630083820005e-25,1.0140491324232e-24
"ZSCAN18",1.02786968817562e-14,1.22268253521251e-14
"ZSCAN25",7.10310016716741e-19,1.29307817960313e-18
"ZSCAN29",1.79475020562597e-20,4.34831024083645e-20
"ZXDA",2.80196086639168e-19,5.44687967832483e-19
"ZXDB",8.85177745805237e-19,1.57657333644771e-18
"ZXDC",2.30756565184123e-19,4.59421681136969e-19
"ZZZ3",2.59093629273301e-22,8.75603598415926e-22
