cell_type,tf,score,padj
CD8T,AKNA,7.90437640221341,1.5640923003981723e-14
CD8T,ARHGAP35,4.8525733096561705,2.7343593149223706e-06
CD8T,ARID2,1.376870040529197,0.1787641024199973
CD8T,ASCL2,16.747647316383212,6.905235979136973e-59
CD8T,ASH1L,-4.788546633400861,3.6911212667866814e-06
CD8T,ATF4,-1.3369437650896947,0.19132958884576254
CD8T,ATF6,-4.154862044624355,6.11530644215678e-05
CD8T,BACH1,-1.4433319202580002,0.15869612107264122
CD8T,BACH2,-21.806261942768145,3.3534826022487774e-96
CD8T,BATF,15.134178460876171,1.1142311127306504e-48
CD8T,BCL11B,-14.83058330881945,7.253807246082325e-47
CD8T,BHLHE40,18.577485663540394,2.013479900106222e-71
CD8T,BNC2,5.713091850753764,3.134717928793547e-08
CD8T,CC2D1A,3.9576991102754313,0.0001371401760452828
CD8T,CDC5L,0.749777468111457,0.4594430602520659
CD8T,CEBPA,6.602988349183091,1.572067261987153e-10
CD8T,CEBPB,7.661584794459315,9.567815993934232e-14
CD8T,CEBPD,6.382522493498867,6.293402360709355e-10
CD8T,CREB1,-3.012771639254698,0.003684788654018629
CD8T,CREB3,1.553045155702619,0.128931406418043
CD8T,CREB3L2,3.719810947085354,0.00033382728887776505
CD8T,CREM,3.843682720634731,0.00021255477155581156
CD8T,CUX1,-2.0028619115586275,0.053141965729626525
CD8T,DDIT3,1.0987876415064408,0.27799646451159327
CD8T,DEAF1,-3.2096688457157434,0.0020201140693405636
CD8T,DNMT1,-3.71385784300618,0.0003393206002405128
CD8T,DR1,4.7579567005687196,4.215057431173789e-06
CD8T,DRAP1,11.845596037767404,1.1289550765602522e-30
CD8T,E2F3,2.398679831577243,0.020760169218433867
CD8T,E2F4,1.9497454062853754,0.05841536853334634
CD8T,EEA1,-4.039000138091982,9.898870514253955e-05
CD8T,EGR1,-2.189931104591366,0.03481594650270036
CD8T,ELF1,-1.9182729145797308,0.061904482630302925
CD8T,ELF2,2.242776722960892,0.030569707628561614
CD8T,ELF4,7.670884816346372,9.062988899479568e-14
CD8T,ELK4,-3.031661876580839,0.003505563669208773
CD8T,EOMES,10.833179666564039,5.0354454914086207e-26
CD8T,ETS1,-9.197252763695998,3.8564441715290077e-19
CD8T,FLI1,1.2284669882292896,0.2272779719566339
CD8T,FOS,-13.180327594634925,1.5430653684722735e-37
CD8T,FOSB,-4.8138456538369,3.2861626710502657e-06
CD8T,FOSL2,10.938998527536905,1.7477034490821407e-26
CD8T,FOXJ3,-3.282249697234805,0.0016087458578497465
CD8T,FOXK1,-1.7524245401275773,0.0869943247830485
CD8T,FOXO1,-13.51628930228219,2.316852112763148e-39
CD8T,FOXO3,2.3710452592659146,0.022254592127978236
CD8T,FOXP1,-23.549432183347555,1.1753641926172365e-110
CD8T,GATA3,6.313460660436552,9.539110638496829e-10
CD8T,GATAD2A,2.962324743136036,0.004317237215796047
CD8T,GATAD2B,-2.142274816814971,0.038445781453275624
CD8T,GFI1,10.927910031160259,1.909135262727562e-26
CD8T,GLIS3,-7.086857024364738,6.087035757540011e-12
CD8T,GTF3A,5.278655846391726,3.185060426127293e-07
CD8T,HBP1,-2.4306834167994964,0.01922772085902387
CD8T,HES6,3.8702773610054035,0.00019364866436143055
CD8T,HIF1A,-1.990735540262881,0.05441175314123883
CD8T,HIVEP1,-8.939223094030597,3.4337508951489143e-18
CD8T,HOXA10,2.661253715783211,0.01030916682269204
CD8T,HSF2,-5.943674564509352,8.870368937086919e-09
CD8T,IKZF1,-6.905065693761058,2.082296846460385e-11
CD8T,IKZF2,9.526549391266492,1.9200958874838533e-20
CD8T,IKZF3,9.806479090465402,1.3942947311622078e-21
CD8T,IKZF5,-2.2863026128479382,0.02743918604041434
CD8T,IRF1,16.595671898279363,6.510229856640541e-58
CD8T,IRF2,3.2982978032127135,0.0015405636060607613
CD8T,IRF3,1.9057262636703498,0.06340157505577196
CD8T,IRF4,4.633361267431494,7.5828788992240695e-06
CD8T,IRF9,3.497866987960248,0.0007658119026504955
CD8T,JUN,2.1422056588764966,0.038445781453275624
CD8T,JUNB,-18.39787923511315,3.227498606461303e-70
CD8T,JUND,-1.7746341899190532,0.08370735604114088
CD8T,KAT7,3.2489544172892404,0.0017965916605061365
CD8T,KDM2A,2.772029095408631,0.007541339591778496
CD8T,KLF10,8.303152412602044,6.9599772445329295e-16
CD8T,KLF11,2.5546385428344984,0.013801432249658916
CD8T,KLF12,4.941226704340133,1.764714327490565e-06
CD8T,KLF13,-7.2960829371847264,1.4161129768089907e-12
CD8T,KLF2,5.725090416156003,3.0164689231307416e-08
CD8T,KLF3,10.37427720332521,5.512510429757057e-24
CD8T,KLF6,24.569064283030254,1.8704294644107943e-119
CD8T,KLF7,-14.24879566405678,1.8743658447682824e-43
CD8T,KLF9,-8.24903682781761,1.0637344322496887e-15
CD8T,KMT2A,0.9887318268104027,0.3285925420707313
CD8T,LCOR,3.2096150224085527,0.0020201140693405636
CD8T,LEF1,-29.692936440536357,8.70520348785171e-167
CD8T,MAF,8.095820137854808,3.5447185502360686e-15
CD8T,MAFF,4.373957443331992,2.3823827063306732e-05
CD8T,MAX,-6.995309474601788,1.1265938582953636e-11
CD8T,MAZ,2.2890928086944133,0.027385364086979606
CD8T,MEF2A,-5.314584638942582,2.647625657725418e-07
CD8T,MEF2D,5.364480325789247,2.0364954531184745e-07
CD8T,MSC,7.259997910928106,1.8120722391567744e-12
CD8T,MXD1,3.4287327864471404,0.0009754750373470449
CD8T,MXD4,11.442564819871,8.878134892155985e-29
CD8T,MYB,-6.434036776026576,4.6361072754901857e-10
CD8T,MYBL1,6.399498759879275,5.718091305269555e-10
CD8T,MYC,-22.397618454909644,5.303018642786507e-101
CD8T,MZF1,-6.835103627526802,3.32460982450254e-11
CD8T,NCOA1,7.016009742782455,9.889272947440845e-12
CD8T,NCOA2,3.109053984949063,0.002776573602435315
CD8T,NCOA3,-4.339241506846827,2.7437555286792068e-05
CD8T,NFAT5,5.705008532207788,3.2410477813167075e-08
CD8T,NFATC1,-2.0150725946500856,0.05188600999444135
CD8T,NFATC2,12.627865927055026,1.2412513374476666e-34
CD8T,NFATC3,7.687761969119125,8.102872091880716e-14
CD8T,NFE2L2,-1.2562341452606036,0.21963797558157652
CD8T,NFIC,-4.611707664708711,8.26593958295368e-06
CD8T,NFIL3,1.9573591648824824,0.05796258831973872
CD8T,NFKB1,-11.408310829972601,1.2513637606689015e-28
CD8T,NFKB2,-3.4514391925330368,0.0009035167876249327
CD8T,NPAS2,-4.388847175767209,2.2444001474344712e-05
CD8T,NR1D1,-5.8906765663503435,1.1899944879309637e-08
CD8T,NR1D2,2.792920242950944,0.007113975727532642
CD8T,NR3C1,5.684462743531608,3.6111766397775597e-08
CD8T,NR3C2,-6.1046924030437655,3.403360519458126e-09
CD8T,NR4A1,-2.876772327453015,0.005607792043840595
CD8T,NR4A2,0.35143757810155296,0.728453134143728
CD8T,PATZ1,-4.484750657232363,1.4541927393458594e-05
CD8T,PBX2,-3.8013212001218917,0.00025031856351982463
CD8T,PHF20,-3.1458649910291605,0.002482448605754251
CD8T,PHF21A,5.767240307419045,2.4134105983878538e-08
CD8T,PLAG1,-13.670159116751094,3.5521178859978787e-40
CD8T,POU2F2,-7.98871396759862,8.183363842153926e-15
CD8T,PPARD,-5.427280704525875,1.4893961909866296e-07
CD8T,PRDM1,18.405207801292548,3.145791181564461e-70
CD8T,PRDM2,-2.695602750237208,0.009395721208759323
CD8T,RBPJ,-3.292481253174767,0.0015620364920753019
CD8T,REL,10.237368511288542,2.1187762069212484e-23
CD8T,RELA,2.3029083583375645,0.026549888044713376
CD8T,RELB,2.87221297528386,0.005655038765707883
CD8T,REST,-1.9414000115874266,0.05897441445026098
CD8T,RFX2,-3.061668293884902,0.0031934186244455885
CD8T,RORA,11.276156668225845,5.13924946017429e-28
CD8T,RORC,-2.6605887201830702,0.01030916682269204
CD8T,RUNX1,4.508646712117707,1.311630069707173e-05
CD8T,RUNX2,-6.212346217363844,1.7854133332732698e-09
CD8T,RUNX3,15.888564370664598,2.3323794435304785e-53
CD8T,SAFB,-1.9751989472523068,0.05587203218313019
CD8T,SAFB2,-2.481766257264409,0.016871261728397022
CD8T,SATB1,-13.614459472838185,6.913992680604022e-40
CD8T,SKIL,0.2359924742272152,0.8134553844071616
CD8T,SMAD3,9.11875568462115,7.284043940261721e-19
CD8T,SMAD5,5.720873462590039,3.056309357392014e-08
CD8T,SNAI3,2.799389913383208,0.007014624573420753
CD8T,SOX13,8.400015812496683,3.2525534160913867e-16
CD8T,SOX4,-9.160386178748459,5.127666996428012e-19
CD8T,SP110,-4.722791828528096,4.962868963456162e-06
CD8T,SP140L,-3.768245658054861,0.00028156249049338843
CD8T,SP3,1.2514018257681772,0.22047602963742358
CD8T,SP4,4.023542347592087,0.00010486041140581344
CD8T,SPEN,1.7043269762595454,0.09548615586686084
CD8T,SREBF1,-11.713629478148977,4.6531242813504504e-30
CD8T,SREBF2,4.561427051796004,1.0407440164095084e-05
CD8T,STAT1,-1.2293001055660313,0.2272779719566339
CD8T,STAT3,-5.442952670580542,1.390654369336598e-07
CD8T,STAT4,7.500231775184019,3.1855057993524713e-13
CD8T,STAT5A,-6.330577731240828,8.665686671533573e-10
CD8T,STAT5B,0.4758682774779448,0.6397677159956485
CD8T,TBPL1,5.035923372986633,1.1062671513357334e-06
CD8T,TBX21,25.30565988324434,6.371740544529492e-126
CD8T,TCF12,1.8555769716990163,0.07034521893497471
CD8T,TCF7,-27.54384462113382,1.7956793780778195e-146
CD8T,TFAP4,-8.317685379489095,6.298977472742744e-16
CD8T,TFCP2L1,1.1632573323532691,0.2525070153246749
CD8T,TFDP2,9.068447857601004,1.1168585444852587e-18
CD8T,TFEB,5.426801786031633,1.4893961909866296e-07
CD8T,TGIF1,1.9845271123794377,0.05493560535767738
CD8T,TGIF2,-5.04565362278095,1.062005543377461e-06
CD8T,THRA,-2.582085228164406,0.012825111537926448
CD8T,VEZF1,3.7638276968637343,0.00028243801501643637
CD8T,XBP1,11.230635451670265,7.915122742519661e-28
CD8T,YBX1,1.12410354097683,0.26805607801179326
CD8T,YBX3,-7.108766309423738,5.290559555486129e-12
CD8T,YY1,5.7649276478391815,2.4179068104846856e-08
CD8T,ZBED5,-6.0651424162593095,4.28824258758519e-09
CD8T,ZBTB1,5.204037437338531,4.7077953751382194e-07
CD8T,ZBTB10,-6.158668176647453,2.4658968332578766e-09
CD8T,ZBTB18,-5.7126538827192075,3.134717928793547e-08
CD8T,ZBTB20,-8.138214282364421,2.5672040847435895e-15
CD8T,ZBTB25,-8.442562822813942,2.329421319895054e-16
CD8T,ZBTB43,3.071648353958513,0.0031083366972916625
CD8T,ZBTB44,5.628993724355275,4.916969314436376e-08
CD8T,ZBTB49,2.7081995887284123,0.009099909018105421
CD8T,ZBTB7A,8.484341880857151,1.6770211750439214e-16
CD8T,ZBTB7B,3.89037357421447,0.0001797300886467722
CD8T,ZC3H8,-3.169470154628687,0.0023048967717773723
CD8T,ZEB1,-11.545536051524525,2.9413921381730895e-29
CD8T,ZEB2,28.152390736427545,4.278822738437189e-152
CD8T,ZFP14,-3.763927512884299,0.00028243801501643637
CD8T,ZFP62,-3.1042390300655645,0.0028041462822887423
CD8T,ZIK1,-2.1815809238212522,0.035373421310252694
CD8T,ZKSCAN1,-4.2572224145055655,3.930929322326296e-05
CD8T,ZNF10,-13.01420992981838,1.1633367559302147e-36
CD8T,ZNF101,-6.593159169875382,1.6544939526396794e-10
CD8T,ZNF135,-5.398214133052374,1.7264888257876292e-07
CD8T,ZNF138,-3.0214143609637265,0.0036036467967172896
CD8T,ZNF148,-4.547456425993867,1.1023004775581812e-05
CD8T,ZNF207,5.093789270442802,8.345792172215072e-07
CD8T,ZNF217,-2.9032009732912996,0.00518814872064552
CD8T,ZNF24,-5.8838213736347695,1.2249983866799168e-08
CD8T,ZNF274,-7.842677545622758,2.4906335200560686e-14
CD8T,ZNF276,5.909274212286362,1.0775684679833868e-08
CD8T,ZNF296,1.8794382263953744,0.06698459185044404
CD8T,ZNF302,-2.8300652227216,0.006415741658321164
CD8T,ZNF331,-18.024375217309668,1.3379868883869602e-67
CD8T,ZNF335,4.071063648982097,8.704847402569001e-05
CD8T,ZNF33B,-3.2440187682902017,0.0018157924820574021
CD8T,ZNF394,1.7283281452264918,0.09117242534027944
CD8T,ZNF397,-1.5856368689733051,0.12137562715754983
CD8T,ZNF414,-5.367079386718544,2.0281518825993218e-07
CD8T,ZNF511,2.4322667693081814,0.01922772085902387
CD8T,ZNF512,-3.7886560095405173,0.0002614243484522406
CD8T,ZNF550,-3.858617801002294,0.00020154506756437938
CD8T,ZNF580,-3.118580090446404,0.002705895546941333
CD8T,ZNF584,-1.7650620322179689,0.08505607806238205
CD8T,ZNF600,11.232594751309774,7.915122742519661e-28
CD8T,ZNF609,-11.804264972252929,1.7355808699973764e-30
CD8T,ZNF644,-2.650060007331081,0.010574783737915403
CD8T,ZNF655,2.040173208924146,0.04911167465694642
CD8T,ZNF667,-4.622035993097956,7.936094165335424e-06
CD8T,ZNF677,-4.944168997287799,1.7548956592984092e-06
CD8T,ZNF708,-2.421011250796761,0.019637423541366033
CD8T,ZNF717,-3.370716458226397,0.001196736788099008
CD8T,ZNF766,-4.780258464772181,3.8106990178635598e-06
CD8T,ZNF770,-4.358103653704255,2.5395784638979173e-05
CD8T,ZNF800,1.9451850792784924,0.05874680856313655
CD8T,ZNF83,-1.9523809731546684,0.05834709864715165
CD8T,ZNF891,-3.505128567468295,0.0007505603040659718
CD8T,ZSCAN18,-9.189311101798241,4.0446093145867284e-19
CD8T,ZSCAN9,2.145321700025104,0.038445781453275624
CD4T,AHR,5.603141971454125,1.196796389054833e-07
CD4T,AKNA,-2.099057688434065,0.058006557626977207
CD4T,ARHGAP35,4.001229004103119,0.00019682609772241226
CD4T,ARID2,-0.8341052157428587,0.47910801005900533
CD4T,ARID5A,-0.645645311352144,0.5972438787537061
CD4T,ASH1L,-6.440291634914036,1.0506962360514288e-09
CD4T,ATF2,-0.22912442595545876,0.8520460029001966
CD4T,ATF3,3.073231320721551,0.004834093055359007
CD4T,ATF4,3.6554387224539067,0.0006920242884968912
CD4T,ATF6,-2.6076625174793775,0.017220466571638976
CD4T,BACH1,-1.453657317132534,0.19847914070571124
CD4T,BACH2,-12.13554173466021,1.8857581981734539e-31
CD4T,BATF,12.756386929680845,1.7222483333075604e-34
CD4T,BCL11B,-10.19727834425497,1.1179690337547876e-22
CD4T,BHLHE40,11.190834501226744,4.748840537438639e-27
CD4T,CDC5L,1.5820895488544575,0.15976777849012364
CD4T,CEBPB,4.142404871716273,0.00011462703377326421
CD4T,CEBPZ,0.47653640675992615,0.7022567198232661
CD4T,CLOCK,2.6223121767663824,0.01670222654039866
CD4T,CREB1,-1.9927864827159079,0.0743434236628785
CD4T,CREB3,2.8067313019277607,0.010155060877878841
CD4T,CREB3L2,5.631377372522463,1.0444653032065075e-07
CD4T,CREM,1.2494673982328826,0.2711625559626509
CD4T,CTCF,-0.42826219383576447,0.7289559490574177
CD4T,CUX1,-1.4870965604407282,0.18869016226525304
CD4T,DDIT3,-0.40253085205345174,0.7415993920928463
CD4T,DMTF1,-2.0999370844997522,0.058006557626977207
CD4T,DNMT1,1.746635189009204,0.11924330574852711
CD4T,DR1,4.474334114474957,2.8115133771929854e-05
CD4T,DRAP1,12.556484029284237,1.6188091585020112e-33
CD4T,E2F2,4.4854167697581335,2.7166743394493492e-05
CD4T,E2F4,3.1484735286512784,0.0037930854798711587
CD4T,EEA1,-4.60683044445402,1.5622262662939224e-05
CD4T,ELF1,0.39324161972518323,0.7450650635927779
CD4T,ELF2,-1.761478312167106,0.11718347059081788
CD4T,ELF4,2.5542159414927537,0.019227817180844195
CD4T,ELK3,5.854615226577928,3.2608990470598225e-08
CD4T,ELK4,-2.551916741617981,0.019227817180844195
CD4T,ETS1,-14.028370975192283,3.3914746137385923e-41
CD4T,ETV3,-0.28307882169576104,0.8212103984379245
CD4T,ETV6,4.631252157792393,1.4153296034542679e-05
CD4T,ETV7,4.219655221383336,8.314449295648276e-05
CD4T,FLI1,3.723051263766736,0.0005454732129001705
CD4T,FOS,2.9568068283080935,0.0069314508884231255
CD4T,FOSB,-1.3583261766415804,0.2308062403927013
CD4T,FOSL2,2.953102775698121,0.006938950760071132
CD4T,FOXJ3,-2.497574911285671,0.02186148682540812
CD4T,FOXO1,-5.185057151872017,1.0585836437519787e-06
CD4T,FOXP1,-16.982130171534887,9.996105215611746e-59
CD4T,GATA3,18.307810974444443,2.229555789148127e-67
CD4T,GATAD2A,-0.0953446023735861,0.9331545294358703
CD4T,GATAD2B,-2.9957968205594727,0.006173673096286102
CD4T,GTF2I,-1.1951960216530215,0.2901886127937358
CD4T,GTF3A,11.193843025022586,4.748840537438639e-27
CD4T,HBP1,-1.666669356332557,0.14018390745000653
CD4T,HIF1A,-3.579826814956437,0.0009018583900676874
CD4T,HIVEP1,-3.178861872999083,0.0035367193173104724
CD4T,HLF,4.309795584881795,5.755619714244926e-05
CD4T,HSF2,-1.2391923813876164,0.27259731138028637
CD4T,IKZF1,-11.59856799751792,6.903056744022288e-29
CD4T,IKZF2,-0.4903908971030178,0.6951178221149136
CD4T,IKZF3,2.5406086561271213,0.01968763600255448
CD4T,IKZF5,-1.8686229132227792,0.09528658639874088
CD4T,IRF1,5.816599554407816,3.96721981974703e-08
CD4T,IRF2,2.5744983225651654,0.01850355316897746
CD4T,IRF3,0.11625981539980214,0.9255170698808577
CD4T,IRF5,5.272160036734813,6.953418535693614e-07
CD4T,IRF7,1.1351290874192341,0.31481130637031324
CD4T,IRF9,1.7814734141961526,0.11386686997873235
CD4T,JUN,6.566610670655529,5.124107949482008e-10
CD4T,JUNB,2.9174467217243962,0.007463903631597377
CD4T,JUND,2.3717687065629587,0.030402381434271153
CD4T,KAT7,-1.5507316705458853,0.16891275632802782
CD4T,KDM2A,-5.86061722955278,3.239651535895538e-08
CD4T,KLF10,7.634934116208919,3.227208492575996e-13
CD4T,KLF12,-6.090961288575984,8.586200862385713e-09
CD4T,KLF13,-1.1573924499688542,0.30533765765794063
CD4T,KLF2,1.2927205292193373,0.25463558722881174
CD4T,KLF3,-6.486228190373369,8.081625017579853e-10
CD4T,KLF6,19.88539336166932,3.468252133989057e-78
CD4T,KLF7,-1.8794297534559887,0.09369404682789953
CD4T,KLF8,3.55828499665634,0.0009665481676747889
CD4T,KLF9,-2.4522265077890864,0.024602909192468582
CD4T,KMT2A,-2.9244048584017266,0.007375007501505943
CD4T,LCOR,-0.9838035008974675,0.3923097926865265
CD4T,LEF1,-15.800410311735034,2.1144106040539314e-51
CD4T,MAF,7.972409968988387,2.5185426870953467e-14
CD4T,MAX,-0.4461079952762023,0.7225336295827224
CD4T,MAZ,3.84439364356575,0.0003547450338922889
CD4T,MBD2,2.879766458083245,0.008244393285937632
CD4T,MEF2A,-4.711824076480367,9.775115541918419e-06
CD4T,MGA,-0.4984399573584667,0.6925508269860811
CD4T,MLX,2.117919217818648,0.056258352075960985
CD4T,MSC,6.597549442023291,4.365995889832881e-10
CD4T,MTF2,-0.4135606201753309,0.7367416492584659
CD4T,MXD4,7.521002442516456,7.248411760917688e-13
CD4T,MXI1,-2.94987520078581,0.006938950760071132
CD4T,MYBL1,1.3431953898593731,0.23569710572404182
CD4T,MYC,-3.875293687937629,0.0003218398782929344
CD4T,NCOA1,-0.24277129842846246,0.8496537680742009
CD4T,NCOA2,-1.1659248001882534,0.3028814497143287
CD4T,NCOA3,-2.2699843198666136,0.038855983293459566
CD4T,NFAT5,-0.14533896498442334,0.9065692104648927
CD4T,NFATC2,4.738741149898544,8.898395459205494e-06
CD4T,NFATC3,-4.952121369801836,3.326485530634979e-06
CD4T,NFKB1,-3.1647092610017253,0.0036603154865866463
CD4T,NFKB2,3.846253497295158,0.0003547450338922889
CD4T,NR1D2,-1.125601098816701,0.31783328252467563
CD4T,NR1H2,1.2448583017089996,0.27162930920089134
CD4T,NR2C2,0.6686223321894622,0.5835121114676556
CD4T,NR3C1,6.224331429202663,3.8789357606665045e-09
CD4T,NR3C2,-1.602642786350883,0.15434385189839014
CD4T,NR4A2,-2.822580263226751,0.009764058878226695
CD4T,PHF20,0.10441856173663522,0.9304641176422795
CD4T,PHF21A,2.565419181352378,0.01882515746337114
CD4T,PLAG1,-3.472096621139014,0.0012868255560029068
CD4T,POU2F2,4.075950181098184,0.000150132076391636
CD4T,PRDM1,15.049642694342861,5.568332609734862e-47
CD4T,PRDM2,-2.2771855851009266,0.038444853450067366
CD4T,RARA,8.0678907111954,1.2450336633397836e-14
CD4T,RARG,3.798555197881851,0.000420804927518463
CD4T,RBPJ,6.561541390289811,5.124107949482008e-10
CD4T,REL,-0.601697397280365,0.624333764409545
CD4T,RELA,1.8221062585868253,0.10492758442476746
CD4T,RELB,3.7088589103471596,0.0005692595303256623
CD4T,REST,-2.685453513269882,0.014122692077267907
CD4T,RFX3,-1.761371082045506,0.11718347059081788
CD4T,RLF,-3.162195685601179,0.0036603154865866463
CD4T,RORA,4.816741358254284,6.180929598266868e-06
CD4T,RORC,1.6047271941901056,0.15434385189839014
CD4T,RREB1,-0.6005675447641311,0.624333764409545
CD4T,RUNX1,-3.395298635245329,0.0016853703449604541
CD4T,RUNX2,4.835963247961824,5.728889610602565e-06
CD4T,RUNX3,5.649759172030249,9.643687785456791e-08
CD4T,SAFB,-2.1563364202798843,0.05153968554622524
CD4T,SAFB2,-0.232780911506383,0.8520460029001966
CD4T,SATB1,-8.671017323825037,9.320014755777027e-17
CD4T,SKI,0.29524989741477914,0.8155742947597558
CD4T,SKIL,-3.6452033814511857,0.0007108554689609848
CD4T,SMAD3,6.287028286645896,2.702629467666236e-09
CD4T,SMAD5,5.863453591629786,3.239651535895538e-08
CD4T,SNAI3,5.0749222182827785,1.8458691099009286e-06
CD4T,SOX13,3.736114266867458,0.0005321038817958021
CD4T,SOX4,-9.797726971016242,4.8705059858008246e-21
CD4T,SP110,-0.5840456280586714,0.6334102364048221
CD4T,SP140L,-1.7580858653524436,0.11718347059081788
CD4T,SP3,-2.940409611596708,0.007079057191741766
CD4T,SP4,0.6687779050391668,0.5835121114676556
CD4T,SPEN,-4.727310883502862,9.234019210874809e-06
CD4T,SREBF1,-3.1873949078197232,0.003474455435767478
CD4T,SREBF2,1.6327317225232874,0.1492886195428353
CD4T,STAT1,4.0663236726042715,0.00015404436905848003
CD4T,STAT2,-0.7638003504244548,0.5243705812159508
CD4T,STAT3,-8.697250201869444,7.875775042475422e-17
CD4T,STAT4,0.20883998701025283,0.8641000883407696
CD4T,STAT5A,0.43823899413754874,0.7249106408324182
CD4T,STAT5B,1.4432152029699774,0.19979469319528723
CD4T,STAT6,-0.5751254099481474,0.6367058950692481
CD4T,TBPL1,2.694579489980758,0.013873968446729598
CD4T,TBX21,5.256743482443023,7.385574864592888e-07
CD4T,TCF12,-1.4490310921553236,0.19890970488778237
CD4T,TCF7,-13.831258383664084,3.604461837389449e-40
CD4T,TFDP2,-4.0470331150573875,0.0001646939321660051
CD4T,TGIF1,4.373533618097532,4.389638626229554e-05
CD4T,THRA,-1.6099192896354908,0.15421143528527007
CD4T,TRERF1,1.468127692894111,0.1943746930941814
CD4T,USF2,1.9289063262478654,0.0843200717740802
CD4T,XBP1,9.289731498388258,4.962878915112116e-19
CD4T,YBX1,7.012572395092604,2.716001708079904e-11
CD4T,YY1,1.284150768845399,0.25687739717616026
CD4T,ZBTB1,-0.8593287110294533,0.46513695972725244
CD4T,ZBTB11,-0.36981843826703886,0.7597348913782342
CD4T,ZBTB20,-5.68316645816105,8.169923672943049e-08
CD4T,ZBTB25,-0.9479456761004331,0.41152324617202796
CD4T,ZBTB7A,4.231723820585862,8.011422598996891e-05
CD4T,ZBTB7B,3.9839091515653813,0.00020855656439460252
CD4T,ZEB1,-4.960487538180671,3.2544292024992357e-06
CD4T,ZEB2,3.723725795011583,0.0005454732129001705
CD4T,ZFX,-1.3126923991041246,0.24735258915518685
CD4T,ZGPAT,1.9837526041956217,0.07535534976967716
CD4T,ZHX2,-1.9646855036245192,0.07819594018530322
CD4T,ZKSCAN1,-2.334180827360459,0.0333488077084805
CD4T,ZNF10,-4.935004481388828,3.555524324686372e-06
CD4T,ZNF101,-3.481561356672134,0.0012574267656888466
CD4T,ZNF148,-5.780543228138576,4.7688603736510176e-08
CD4T,ZNF207,-2.6055448473879266,0.017220466571638976
CD4T,ZNF217,-0.6935199442030198,0.5717310935718078
CD4T,ZNF24,-2.528936707630877,0.020178463973728425
CD4T,ZNF292,0.07151529590715147,0.947617261144039
CD4T,ZNF326,-1.4133326085762659,0.2099415343513378
CD4T,ZNF331,-9.227164697101077,8.193677574941566e-19
CD4T,ZNF335,1.197219723562103,0.2901886127937358
CD4T,ZNF33A,-2.6580690006504457,0.015175786810960127
CD4T,ZNF394,0.16918044295222273,0.8917723215771334
CD4T,ZNF407,-1.6279940377654107,0.14968212260074187
CD4T,ZNF451,-2.891111542976952,0.008034081228451156
CD4T,ZNF511,2.769202296940103,0.011177974206329891
CD4T,ZNF592,1.1058444682985749,0.3262115989414534
CD4T,ZNF609,-5.381052765736777,4.03434409268402e-07
CD4T,ZNF644,-5.295867171887421,6.262086635527931e-07
CD4T,ZNF652,0.04302317978648446,0.965687312494584
CD4T,ZNF708,-2.779406146095404,0.01093928123117086
CD4T,ZNF770,-1.4947041266527892,0.18719827756108526
CD4T,ZNF800,-3.5187839026233108,0.0011078220667468971
CD4T,ZNF83,-2.580474449238364,0.018351250548675167
