index,sum_by,sex,orig.ident,batch_info,donor_id,bulk_group,donor_letter,condition,Major_CT,pool_id,treatment_id,age,donor_age,predicted_doublet,dataset,cell_count,Aged_B_count,CD8a/a_count,CD16_NK_count,Classic_MONO_count,DC2_count,Int_Macrophage_count,Late_Erythroid_count,MAIT_count,Memory_B_count,NK_count,Naive_B_count,NonClassic_MONO_count,Others_count,Plasma_B_count,Platelet_count,Tcm_Naive_CD4_count,Tcm_Naive_CD8_count,Tem_Effector_CD4_count,Tem_Temra_CD8_count,Tem_Trm_CD8_count,Treg_count,pDC_count,donor_id_old,age_group,predicted_age,age_acceleration,cell_type
1,_0 h Unstimulated_CXCL9_TI_A_CD4T,Male,CXCL9_TI,CXCL9_TI_AG1,Donor 1,0 h Unstimulated_Donor 1,A,0 h Unstimulated,CD4T,AG1,1,29,Donor 1- age: 29.0,False,CXCL9,247,0,0,0,0,0,0,0,0,0,0,0,0,0,0,0,233,0,1,0,0,13,0,CXCL9_TI_A,Young,9.32213897525071,-19.67786102474929,CD4T
10,_0 h Unstimulated_CXCL9_TI_B_CD4T,Female,CXCL9_TI,CXCL9_TI_AG2,Donor 2,0 h Unstimulated_Donor 2,B,0 h Unstimulated,CD4T,AG2,1,28,Donor 2- age: 28.0,False,CXCL9,418,0,0,0,0,0,0,0,0,0,0,0,0,0,0,0,392,0,3,0,0,23,0,CXCL9_TI_B,Young,13.708462041838978,-14.291537958161022,CD4T
19,_0 h Unstimulated_CXCL9_TI_C_CD4T,Male,CXCL9_TI,CXCL9_TI_AG3,Donor 3,0 h Unstimulated_Donor 3,C,0 h Unstimulated,CD4T,AG3,1,31,Donor 3- age: 31.0,False,CXCL9,635,0,0,0,0,0,0,0,0,0,0,0,0,0,0,0,611,0,2,0,0,22,0,CXCL9_TI_C,Young,15.461444138260141,-15.538555861739859,CD4T
28,_0 h Unstimulated_CXCL9_TI_D_CD4T,Female,CXCL9_TI,CXCL9_TI_AG4,Donor 4,0 h Unstimulated_Donor 4,D,0 h Unstimulated,CD4T,AG4,1,25,Donor 4- age: 25.0,False,CXCL9,695,0,0,0,0,0,0,0,0,0,0,0,0,0,0,0,664,0,2,0,0,29,0,CXCL9_TI_D,Young,5.483527543543964,-19.516472456456036,CD4T
37,_0 h Unstimulated_CXCL9_TI_E_CD4T,Male,CXCL9_TI,CXCL9_TI_AG5,Donor 5,0 h Unstimulated_Donor 5,E,0 h Unstimulated,CD4T,AG5,1,29,Donor 5- age: 29.0,False,CXCL9,474,0,0,0,0,0,0,0,0,0,0,0,0,0,0,0,442,0,1,0,0,31,0,CXCL9_TI_E,Young,4.034624882696875,-24.965375117303125,CD4T
46,_0 h Unstimulated_CXCL9_TI_F_CD4T,Female,CXCL9_TI,CXCL9_TI_AG6,Donor 6,0 h Unstimulated_Donor 6,F,0 h Unstimulated,CD4T,AG6,1,30,Donor 6- age: 30.0,False,CXCL9,525,0,0,0,0,0,0,0,0,0,0,0,0,0,0,0,493,0,0,0,0,32,0,CXCL9_TI_F,Young,-3.946276222211793,-33.94627622221179,CD4T
55,_0 h Unstimulated_CXCL9_TI_G_CD4T,Female,CXCL9_TI,CXCL9_TI_AG7,Donor 7,0 h Unstimulated_Donor 7,G,0 h Unstimulated,CD4T,AG7,1,26,Donor 7- age: 26.0,False,CXCL9,626,0,0,0,0,0,0,0,0,0,0,0,0,0,0,0,600,0,1,0,0,25,0,CXCL9_TI_G,Young,7.1845130575086955,-18.815486942491304,CD4T
64,_24 h LPS + metformin + ruxolitinib_CXCL9_TI_A_CD4T,Male,CXCL9_TI,CXCL9_TI_AG12,Donor 1,24 h LPS + metformin + ruxolitinib_Donor 1,A,24 h LPS + metformin + ruxolitinib,CD4T,AG12,9,29,Donor 1- age: 29.0,False,CXCL9,596,0,0,0,0,0,0,0,0,0,0,0,0,0,0,0,530,0,38,0,0,28,0,CXCL9_TI_A,Young,14.764916116581645,-14.235083883418355,CD4T
73,_24 h LPS + metformin + ruxolitinib_CXCL9_TI_B_CD4T,Female,CXCL9_TI,CXCL9_TI_AG16,Donor 2,24 h LPS + metformin + ruxolitinib_Donor 2,B,24 h LPS + metformin + ruxolitinib,CD4T,AG16,9,28,Donor 2- age: 28.0,False,CXCL9,1475,0,0,0,0,0,0,0,0,0,0,0,0,0,0,0,1358,0,59,0,0,58,0,CXCL9_TI_B,Young,21.397942389484705,-6.6020576105152955,CD4T
82,_24 h LPS + metformin + ruxolitinib_CXCL9_TI_C_CD4T,Male,CXCL9_TI,CXCL9_TI_AG14,Donor 3,24 h LPS + metformin + ruxolitinib_Donor 3,C,24 h LPS + metformin + ruxolitinib,CD4T,AG14,9,31,Donor 3- age: 31.0,False,CXCL9,1926,0,0,0,0,0,0,0,0,0,0,0,0,0,0,0,1808,0,80,0,0,38,0,CXCL9_TI_C,Young,15.796544706062512,-15.203455293937488,CD4T
91,_24 h LPS + metformin + ruxolitinib_CXCL9_TI_D_CD4T,Female,CXCL9_TI,CXCL9_TI_AG8,Donor 4,24 h LPS + metformin + ruxolitinib_Donor 4,D,24 h LPS + metformin + ruxolitinib,CD4T,AG8,9,25,Donor 4- age: 25.0,False,CXCL9,1568,0,0,0,0,0,0,0,0,0,0,0,0,0,0,0,1457,0,59,0,0,52,0,CXCL9_TI_D,Young,13.941520650413317,-11.058479349586683,CD4T
100,_24 h LPS + metformin + ruxolitinib_CXCL9_TI_E_CD4T,Male,CXCL9_TI,CXCL9_TI_AG9,Donor 5,24 h LPS + metformin + ruxolitinib_Donor 5,E,24 h LPS + metformin + ruxolitinib,CD4T,AG9,9,29,Donor 5- age: 29.0,False,CXCL9,893,0,0,0,0,0,0,0,0,0,0,0,0,0,0,0,823,0,41,0,0,29,0,CXCL9_TI_E,Young,15.67347581682776,-13.32652418317224,CD4T
109,_24 h LPS + metformin + ruxolitinib_CXCL9_TI_F_CD4T,Female,CXCL9_TI,CXCL9_TI_AG10,Donor 6,24 h LPS + metformin + ruxolitinib_Donor 6,F,24 h LPS + metformin + ruxolitinib,CD4T,AG10,9,30,Donor 6- age: 30.0,False,CXCL9,1147,0,0,0,0,0,0,0,0,0,0,0,0,0,0,0,1042,0,38,0,0,67,0,CXCL9_TI_F,Young,9.400792673625709,-20.59920732637429,CD4T
118,_24 h LPS + metformin + ruxolitinib_CXCL9_TI_G_CD4T,Female,CXCL9_TI,CXCL9_TI_AG11,Donor 7,24 h LPS + metformin + ruxolitinib_Donor 7,G,24 h LPS + metformin + ruxolitinib,CD4T,AG11,9,26,Donor 7- age: 26.0,False,CXCL9,972,0,0,0,0,0,0,0,0,0,0,0,0,0,0,0,888,0,54,0,0,30,0,CXCL9_TI_G,Young,17.71075110242988,-8.289248897570118,CD4T
127,_24 h LPS + metformin_CXCL9_TI_A_CD4T,Male,CXCL9_TI,CXCL9_TI_AG14,Donor 1,24 h LPS + metformin_Donor 1,A,24 h LPS + metformin,CD4T,AG14,7,29,Donor 1- age: 29.0,False,CXCL9,973,0,0,0,0,0,0,0,0,0,0,0,0,0,0,0,871,0,52,0,0,50,0,CXCL9_TI_A,Young,14.509218558141484,-14.490781441858516,CD4T
136,_24 h LPS + metformin_CXCL9_TI_B_CD4T,Female,CXCL9_TI,CXCL9_TI_AG8,Donor 2,24 h LPS + metformin_Donor 2,B,24 h LPS + metformin,CD4T,AG8,7,28,Donor 2- age: 28.0,False,CXCL9,797,0,0,0,0,0,0,0,0,0,0,0,0,0,0,0,715,0,30,0,0,52,0,CXCL9_TI_B,Young,23.625666891312974,-4.374333108687026,CD4T
145,_24 h LPS + metformin_CXCL9_TI_C_CD4T,Male,CXCL9_TI,CXCL9_TI_AG9,Donor 3,24 h LPS + metformin_Donor 3,C,24 h LPS + metformin,CD4T,AG9,7,31,Donor 3- age: 31.0,False,CXCL9,943,0,0,0,0,0,0,0,0,0,0,0,0,0,0,0,853,0,50,0,0,40,0,CXCL9_TI_C,Young,23.924564476410694,-7.075435523589306,CD4T
154,_24 h LPS + metformin_CXCL9_TI_D_CD4T,Female,CXCL9_TI,CXCL9_TI_AG10,Donor 4,24 h LPS + metformin_Donor 4,D,24 h LPS + metformin,CD4T,AG10,7,25,Donor 4- age: 25.0,False,CXCL9,1340,0,0,0,0,0,0,0,0,0,0,0,0,0,0,0,1243,0,46,0,0,51,0,CXCL9_TI_D,Young,15.568549096564716,-9.431450903435284,CD4T
163,_24 h LPS + metformin_CXCL9_TI_E_CD4T,Male,CXCL9_TI,CXCL9_TI_AG15,Donor 5,24 h LPS + metformin_Donor 5,E,24 h LPS + metformin,CD4T,AG15,7,29,Donor 5- age: 29.0,False,CXCL9,1157,0,0,0,0,0,0,0,0,0,0,0,0,0,0,0,1056,0,54,0,0,47,0,CXCL9_TI_E,Young,21.22813510765762,-7.7718648923423785,CD4T
172,_24 h LPS + metformin_CXCL9_TI_F_CD4T,Female,CXCL9_TI,CXCL9_TI_AG12,Donor 6,24 h LPS + metformin_Donor 6,F,24 h LPS + metformin,CD4T,AG12,7,30,Donor 6- age: 30.0,False,CXCL9,1144,0,0,0,0,0,0,0,0,0,0,0,0,0,0,0,1051,0,41,0,0,52,0,CXCL9_TI_F,Young,18.126259171577743,-11.873740828422257,CD4T
181,_24 h LPS + metformin_CXCL9_TI_G_CD4T,Female,CXCL9_TI,CXCL9_TI_AG13,Donor 7,24 h LPS + metformin_Donor 7,G,24 h LPS + metformin,CD4T,AG13,7,26,Donor 7- age: 26.0,False,CXCL9,835,0,0,0,0,0,0,0,0,0,0,0,0,0,0,0,746,0,55,0,0,34,0,CXCL9_TI_G,Young,16.11120157858585,-9.888798421414151,CD4T
190,_24 h LPS + ruxolitinib_CXCL9_TI_A_CD4T,Male,CXCL9_TI,CXCL9_TI_AG13,Donor 1,LPS + ruxolitinib_Donor 1,A,LPS + ruxolitinib,CD4T,AG13,8,29,Donor 1- age: 29.0,False,CXCL9,537,0,0,0,0,0,0,0,0,0,0,0,0,0,0,0,463,0,40,0,0,34,0,CXCL9_TI_A,Young,17.301904322224722,-11.698095677775278,CD4T
199,_24 h LPS + ruxolitinib_CXCL9_TI_B_CD4T,Female,CXCL9_TI,CXCL9_TI_AG15,Donor 2,LPS + ruxolitinib_Donor 2,B,LPS + ruxolitinib,CD4T,AG15,8,28,Donor 2- age: 28.0,False,CXCL9,1094,0,0,0,0,0,0,0,0,0,0,0,0,0,0,0,1003,0,42,0,0,49,0,CXCL9_TI_B,Young,22.668886048928627,-5.331113951071373,CD4T
208,_24 h LPS + ruxolitinib_CXCL9_TI_C_CD4T,Male,CXCL9_TI,CXCL9_TI_AG8,Donor 3,LPS + ruxolitinib_Donor 3,C,LPS + ruxolitinib,CD4T,AG8,8,31,Donor 3- age: 31.0,False,CXCL9,1128,0,0,0,0,0,0,0,0,0,0,0,0,0,0,0,1035,0,52,0,0,41,0,CXCL9_TI_C,Young,17.358359641167525,-13.641640358832475,CD4T
217,_24 h LPS + ruxolitinib_CXCL9_TI_D_CD4T,Female,CXCL9_TI,CXCL9_TI_AG9,Donor 4,LPS + ruxolitinib_Donor 4,D,LPS + ruxolitinib,CD4T,AG9,8,25,Donor 4- age: 25.0,False,CXCL9,1442,0,0,0,0,0,0,0,0,0,0,0,0,0,0,0,1346,0,43,0,0,53,0,CXCL9_TI_D,Young,16.958250450289896,-8.041749549710104,CD4T
226,_24 h LPS + ruxolitinib_CXCL9_TI_E_CD4T,Male,CXCL9_TI,CXCL9_TI_AG10,Donor 5,LPS + ruxolitinib_Donor 5,E,LPS + ruxolitinib,CD4T,AG10,8,29,Donor 5- age: 29.0,False,CXCL9,922,0,0,0,0,0,0,0,0,0,0,0,0,0,0,0,843,0,35,0,0,44,0,CXCL9_TI_E,Young,15.75057051094715,-13.24942948905285,CD4T
235,_24 h LPS + ruxolitinib_CXCL9_TI_F_CD4T,Female,CXCL9_TI,CXCL9_TI_AG11,Donor 6,LPS + ruxolitinib_Donor 6,F,LPS + ruxolitinib,CD4T,AG11,8,30,Donor 6- age: 30.0,False,CXCL9,968,0,0,0,0,0,0,0,0,0,0,0,0,0,0,0,878,0,60,0,0,30,0,CXCL9_TI_F,Young,14.189310308736346,-15.810689691263654,CD4T
244,_24 h LPS + ruxolitinib_CXCL9_TI_G_CD4T,Female,CXCL9_TI,CXCL9_TI_AG15,Donor 7,LPS + ruxolitinib_Donor 7,G,LPS + ruxolitinib,CD4T,AG15,8,26,Donor 7- age: 26.0,False,CXCL9,1185,0,0,0,0,0,0,0,0,0,0,0,0,0,0,0,1098,0,63,0,0,24,0,CXCL9_TI_G,Young,16.5491786340935,-9.4508213659065,CD4T
253,_24 h LPS_CXCL9_TI_A_CD4T,Male,CXCL9_TI,CXCL9_TI_AG8,Donor 1,LPS_Donor 1,A,LPS,CD4T,AG8,6,29,Donor 1- age: 29.0,False,CXCL9,529,0,0,0,0,0,0,0,0,0,0,0,0,0,0,0,463,0,24,0,0,42,0,CXCL9_TI_A,Young,19.54034855121415,-9.459651448785849,CD4T
262,_24 h LPS_CXCL9_TI_B_CD4T,Female,CXCL9_TI,CXCL9_TI_AG9,Donor 2,LPS_Donor 2,B,LPS,CD4T,AG9,6,28,Donor 2- age: 28.0,False,CXCL9,714,0,0,0,0,0,0,0,0,0,0,0,0,0,0,0,626,0,40,0,0,48,0,CXCL9_TI_B,Young,28.000046800161847,4.6800161847215804e-05,CD4T
271,_24 h LPS_CXCL9_TI_C_CD4T,Male,CXCL9_TI,CXCL9_TI_AG16,Donor 3,LPS_Donor 3,C,LPS,CD4T,AG16,6,31,Donor 3- age: 31.0,False,CXCL9,1564,0,0,0,0,0,0,0,0,0,0,0,0,0,0,0,1490,0,36,0,0,38,0,CXCL9_TI_C,Young,21.686346214357364,-9.313653785642636,CD4T
280,_24 h LPS_CXCL9_TI_D_CD4T,Female,CXCL9_TI,CXCL9_TI_AG11,Donor 4,LPS_Donor 4,D,LPS,CD4T,AG11,6,25,Donor 4- age: 25.0,False,CXCL9,1220,0,0,0,0,0,0,0,0,0,0,0,0,0,0,0,1109,0,61,0,0,50,0,CXCL9_TI_D,Young,19.130775357307307,-5.869224642692693,CD4T
289,_24 h LPS_CXCL9_TI_E_CD4T,Male,CXCL9_TI,CXCL9_TI_AG12,Donor 5,LPS_Donor 5,E,LPS,CD4T,AG12,6,29,Donor 5- age: 29.0,False,CXCL9,918,0,0,0,0,0,0,0,0,0,0,0,0,0,0,0,851,0,34,0,0,33,0,CXCL9_TI_E,Young,23.36283293363614,-5.637167066363858,CD4T
298,_24 h LPS_CXCL9_TI_F_CD4T,Female,CXCL9_TI,CXCL9_TI_AG13,Donor 6,LPS_Donor 6,F,LPS,CD4T,AG13,6,30,Donor 6- age: 30.0,False,CXCL9,1003,0,0,0,0,0,0,0,0,0,0,0,0,0,0,0,910,0,44,0,0,49,0,CXCL9_TI_F,Young,12.689760072816853,-17.310239927183147,CD4T
307,_24 h LPS_CXCL9_TI_G_CD4T,Female,CXCL9_TI,CXCL9_TI_AG14,Donor 7,LPS_Donor 7,G,LPS,CD4T,AG14,6,26,Donor 7- age: 26.0,False,CXCL9,1686,0,0,0,0,0,0,0,0,0,0,0,0,0,0,0,1564,0,72,0,0,50,0,CXCL9_TI_G,Young,20.749755372046366,-5.250244627953634,CD4T
316,_24 h RPMI + metformin + ruxolitinib_CXCL9_TI_A_CD4T,Male,CXCL9_TI,CXCL9_TI_AG4,Donor 1,24 h RPMI + metformin + ruxolitinib_Donor 1,A,24 h RPMI + metformin + ruxolitinib,CD4T,AG4,5,29,Donor 1- age: 29.0,False,CXCL9,881,0,0,0,0,0,0,0,0,0,0,0,0,0,0,0,717,0,120,0,0,44,0,CXCL9_TI_A,Young,12.686781126674774,-16.313218873325226,CD4T
325,_24 h RPMI + metformin + ruxolitinib_CXCL9_TI_B_CD4T,Female,CXCL9_TI,CXCL9_TI_AG5,Donor 2,24 h RPMI + metformin + ruxolitinib_Donor 2,B,24 h RPMI + metformin + ruxolitinib,CD4T,AG5,5,28,Donor 2- age: 28.0,False,CXCL9,806,0,0,0,0,0,0,0,0,0,0,0,0,0,0,0,713,0,48,0,0,45,0,CXCL9_TI_B,Young,16.116941257228333,-11.883058742771667,CD4T
334,_24 h RPMI + metformin + ruxolitinib_CXCL9_TI_C_CD4T,Male,CXCL9_TI,CXCL9_TI_AG6,Donor 3,24 h RPMI + metformin + ruxolitinib_Donor 3,C,24 h RPMI + metformin + ruxolitinib,CD4T,AG6,5,31,Donor 3- age: 31.0,False,CXCL9,1620,0,0,0,0,0,0,0,0,0,0,0,0,0,0,0,1496,0,85,0,0,39,0,CXCL9_TI_C,Young,17.025650794210364,-13.974349205789636,CD4T
343,_24 h RPMI + metformin + ruxolitinib_CXCL9_TI_D_CD4T,Female,CXCL9_TI,CXCL9_TI_AG7,Donor 4,24 h RPMI + metformin + ruxolitinib_Donor 4,D,24 h RPMI + metformin + ruxolitinib,CD4T,AG7,5,25,Donor 4- age: 25.0,False,CXCL9,1714,0,0,0,0,0,0,0,0,0,0,0,0,0,0,0,1576,0,78,0,0,60,0,CXCL9_TI_D,Young,13.421963270987462,-11.578036729012538,CD4T
352,_24 h RPMI + metformin + ruxolitinib_CXCL9_TI_E_CD4T,Male,CXCL9_TI,CXCL9_TI_AG1,Donor 5,24 h RPMI + metformin + ruxolitinib_Donor 5,E,24 h RPMI + metformin + ruxolitinib,CD4T,AG1,5,29,Donor 5- age: 29.0,False,CXCL9,953,0,0,0,0,0,0,0,0,0,0,0,0,0,0,0,852,0,53,0,0,48,0,CXCL9_TI_E,Young,7.043213681615981,-21.95678631838402,CD4T
361,_24 h RPMI + metformin + ruxolitinib_CXCL9_TI_F_CD4T,Female,CXCL9_TI,CXCL9_TI_AG2,Donor 6,24 h RPMI + metformin + ruxolitinib_Donor 6,F,24 h RPMI + metformin + ruxolitinib,CD4T,AG2,5,30,Donor 6- age: 30.0,False,CXCL9,1793,0,0,0,0,0,0,0,0,0,0,0,0,0,0,0,1588,0,100,0,0,105,0,CXCL9_TI_F,Young,14.81375714534775,-15.18624285465225,CD4T
370,_24 h RPMI + metformin + ruxolitinib_CXCL9_TI_G_CD4T,Female,CXCL9_TI,CXCL9_TI_AG3,Donor 7,24 h RPMI + metformin + ruxolitinib_Donor 7,G,24 h RPMI + metformin + ruxolitinib,CD4T,AG3,5,26,Donor 7- age: 26.0,False,CXCL9,1346,0,0,0,0,0,0,0,0,0,0,0,0,0,0,0,1209,0,103,0,0,34,0,CXCL9_TI_G,Young,10.961372311283938,-15.038627688716062,CD4T
379,_24 h RPMI + metformin_CXCL9_TI_A_CD4T,Male,CXCL9_TI,CXCL9_TI_AG6,Donor 1,24 h RPMI + metformin_Donor 1,A,24 h RPMI + metformin,CD4T,AG6,3,29,Donor 1- age: 29.0,False,CXCL9,850,0,0,0,0,0,0,0,0,0,0,0,0,0,0,0,720,0,82,0,0,48,0,CXCL9_TI_A,Young,10.563664349424286,-18.436335650575714,CD4T
388,_24 h RPMI + metformin_CXCL9_TI_B_CD4T,Female,CXCL9_TI,CXCL9_TI_AG7,Donor 2,24 h RPMI + metformin_Donor 2,B,24 h RPMI + metformin,CD4T,AG7,3,28,Donor 2- age: 28.0,False,CXCL9,863,0,0,0,0,0,0,0,0,0,0,0,0,0,0,0,756,0,66,0,0,41,0,CXCL9_TI_B,Young,18.018242546095294,-9.981757453904706,CD4T
397,_24 h RPMI + metformin_CXCL9_TI_C_CD4T,Male,CXCL9_TI,CXCL9_TI_AG1,Donor 3,24 h RPMI + metformin_Donor 3,C,24 h RPMI + metformin,CD4T,AG1,3,31,Donor 3- age: 31.0,False,CXCL9,967,0,0,0,0,0,0,0,0,0,0,0,0,0,0,0,886,0,52,0,0,29,0,CXCL9_TI_C,Young,16.910378026351964,-14.089621973648036,CD4T
406,_24 h RPMI + metformin_CXCL9_TI_D_CD4T,Female,CXCL9_TI,CXCL9_TI_AG2,Donor 4,24 h RPMI + metformin_Donor 4,D,24 h RPMI + metformin,CD4T,AG2,3,25,Donor 4- age: 25.0,False,CXCL9,1903,0,0,0,0,0,0,0,0,0,0,0,0,0,0,0,1756,0,70,0,0,77,0,CXCL9_TI_D,Young,12.879263676536482,-12.120736323463518,CD4T
415,_24 h RPMI + metformin_CXCL9_TI_E_CD4T,Male,CXCL9_TI,CXCL9_TI_AG3,Donor 5,24 h RPMI + metformin_Donor 5,E,24 h RPMI + metformin,CD4T,AG3,3,29,Donor 5- age: 29.0,False,CXCL9,997,0,0,0,0,0,0,0,0,0,0,0,0,0,0,0,871,0,73,0,0,53,0,CXCL9_TI_E,Young,18.219839550686544,-10.780160449313456,CD4T
424,_24 h RPMI + metformin_CXCL9_TI_F_CD4T,Female,CXCL9_TI,CXCL9_TI_AG4,Donor 6,24 h RPMI + metformin_Donor 6,F,24 h RPMI + metformin,CD4T,AG4,3,30,Donor 6- age: 30.0,False,CXCL9,1176,0,0,0,0,0,0,0,0,0,0,0,0,0,0,0,1045,0,56,0,0,75,0,CXCL9_TI_F,Young,11.628326960359303,-18.371673039640697,CD4T
433,_24 h RPMI + metformin_CXCL9_TI_G_CD4T,Female,CXCL9_TI,CXCL9_TI_AG5,Donor 7,24 h RPMI + metformin_Donor 7,G,24 h RPMI + metformin,CD4T,AG5,3,26,Donor 7- age: 26.0,False,CXCL9,985,0,0,0,0,0,0,0,0,0,0,0,0,0,0,0,879,0,79,0,0,27,0,CXCL9_TI_G,Young,16.543421953460545,-9.456578046539455,CD4T
442,_24 h RPMI + ruxolitinib_CXCL9_TI_A_CD4T,Male,CXCL9_TI,CXCL9_TI_AG5,Donor 1,RPMI + ruxolitinib_Donor 1,A,RPMI + ruxolitinib,CD4T,AG5,4,29,Donor 1- age: 29.0,False,CXCL9,688,0,0,0,0,0,0,0,0,0,0,0,0,0,0,0,560,0,100,0,0,28,0,CXCL9_TI_A,Young,4.556037954407742,-24.443962045592258,CD4T
451,_24 h RPMI + ruxolitinib_CXCL9_TI_B_CD4T,Female,CXCL9_TI,CXCL9_TI_AG6,Donor 2,RPMI + ruxolitinib_Donor 2,B,RPMI + ruxolitinib,CD4T,AG6,4,28,Donor 2- age: 28.0,False,CXCL9,1364,0,0,0,0,0,0,0,0,0,0,0,0,0,0,0,1201,0,71,0,0,92,0,CXCL9_TI_B,Young,18.09878369056809,-9.90121630943191,CD4T
460,_24 h RPMI + ruxolitinib_CXCL9_TI_C_CD4T,Male,CXCL9_TI,CXCL9_TI_AG7,Donor 3,RPMI + ruxolitinib_Donor 3,C,RPMI + ruxolitinib,CD4T,AG7,4,31,Donor 3- age: 31.0,False,CXCL9,1208,0,0,0,0,0,0,0,0,0,0,0,0,0,0,0,1095,0,83,0,0,30,0,CXCL9_TI_C,Young,20.03218273914944,-10.967817260850559,CD4T
469,_24 h RPMI + ruxolitinib_CXCL9_TI_D_CD4T,Female,CXCL9_TI,CXCL9_TI_AG1,Donor 4,RPMI + ruxolitinib_Donor 4,D,RPMI + ruxolitinib,CD4T,AG1,4,25,Donor 4- age: 25.0,False,CXCL9,1569,0,0,0,0,0,0,0,0,0,0,0,0,0,0,0,1459,0,63,0,0,47,0,CXCL9_TI_D,Young,10.652369140621516,-14.347630859378484,CD4T
478,_24 h RPMI + ruxolitinib_CXCL9_TI_E_CD4T,Male,CXCL9_TI,CXCL9_TI_AG2,Donor 5,RPMI + ruxolitinib_Donor 5,E,RPMI + ruxolitinib,CD4T,AG2,4,29,Donor 5- age: 29.0,False,CXCL9,1434,0,0,0,0,0,0,0,0,0,0,0,0,0,0,0,1287,0,78,0,0,69,0,CXCL9_TI_E,Young,12.615480832262016,-16.384519167737984,CD4T
487,_24 h RPMI + ruxolitinib_CXCL9_TI_F_CD4T,Female,CXCL9_TI,CXCL9_TI_AG3,Donor 6,RPMI + ruxolitinib_Donor 6,F,RPMI + ruxolitinib,CD4T,AG3,4,30,Donor 6- age: 30.0,False,CXCL9,1186,0,0,0,0,0,0,0,0,0,0,0,0,0,0,0,1056,0,67,0,0,63,0,CXCL9_TI_F,Young,6.37387942358086,-23.62612057641914,CD4T
496,_24 h RPMI + ruxolitinib_CXCL9_TI_G_CD4T,Female,CXCL9_TI,CXCL9_TI_AG4,Donor 7,RPMI + ruxolitinib_Donor 7,G,RPMI + ruxolitinib,CD4T,AG4,4,26,Donor 7- age: 26.0,False,CXCL9,1238,0,0,0,0,0,0,0,0,0,0,0,0,0,0,0,1098,0,101,0,0,39,0,CXCL9_TI_G,Young,13.782047242009632,-12.217952757990368,CD4T
505,_24 h RPMI_CXCL9_TI_A_CD4T,Male,CXCL9_TI,CXCL9_TI_AG7,Donor 1,RPMI_Donor 1,A,RPMI,CD4T,AG7,2,29,Donor 1- age: 29.0,False,CXCL9,675,0,0,0,0,0,0,0,0,0,0,0,0,0,0,0,546,0,78,0,0,51,0,CXCL9_TI_A,Young,10.835015150994806,-18.164984849005194,CD4T
514,_24 h RPMI_CXCL9_TI_B_CD4T,Female,CXCL9_TI,CXCL9_TI_AG1,Donor 2,RPMI_Donor 2,B,RPMI,CD4T,AG1,2,28,Donor 2- age: 28.0,False,CXCL9,713,0,0,0,0,0,0,0,0,0,0,0,0,0,0,0,609,0,54,0,0,50,0,CXCL9_TI_B,Young,20.519477750995378,-7.480522249004622,CD4T
523,_24 h RPMI_CXCL9_TI_C_CD4T,Male,CXCL9_TI,CXCL9_TI_AG2,Donor 3,RPMI_Donor 3,C,RPMI,CD4T,AG2,2,31,Donor 3- age: 31.0,False,CXCL9,1359,0,0,0,0,0,0,0,0,0,0,0,0,0,0,0,1242,0,69,0,0,48,0,CXCL9_TI_C,Young,16.542005560642025,-14.457994439357975,CD4T
532,_24 h RPMI_CXCL9_TI_D_CD4T,Female,CXCL9_TI,CXCL9_TI_AG3,Donor 4,RPMI_Donor 4,D,RPMI,CD4T,AG3,2,25,Donor 4- age: 25.0,False,CXCL9,1378,0,0,0,0,0,0,0,0,0,0,0,0,0,0,0,1262,0,59,0,0,57,0,CXCL9_TI_D,Young,13.77615401510122,-11.22384598489878,CD4T
541,_24 h RPMI_CXCL9_TI_E_CD4T,Male,CXCL9_TI,CXCL9_TI_AG4,Donor 5,RPMI_Donor 5,E,RPMI,CD4T,AG4,2,29,Donor 5- age: 29.0,False,CXCL9,1118,0,0,0,0,0,0,0,0,0,0,0,0,0,0,0,1004,0,64,0,0,50,0,CXCL9_TI_E,Young,16.787481881127135,-12.212518118872865,CD4T
550,_24 h RPMI_CXCL9_TI_F_CD4T,Female,CXCL9_TI,CXCL9_TI_AG5,Donor 6,RPMI_Donor 6,F,RPMI,CD4T,AG5,2,30,Donor 6- age: 30.0,False,CXCL9,953,0,0,0,0,0,0,0,0,0,0,0,0,0,0,0,826,0,62,0,0,65,0,CXCL9_TI_F,Young,13.870862242615338,-16.12913775738466,CD4T
559,_24 h RPMI_CXCL9_TI_G_CD4T,Female,CXCL9_TI,CXCL9_TI_AG6,Donor 7,RPMI_Donor 7,G,RPMI,CD4T,AG6,2,26,Donor 7- age: 26.0,False,CXCL9,1337,0,0,0,0,0,0,0,0,0,0,0,0,0,0,0,1204,0,77,0,0,56,0,CXCL9_TI_G,Young,13.847120536788573,-12.152879463211427,CD4T
568,_24 h rhCXCL9_CXCL9_TI_A_CD4T,Male,CXCL9_TI,CXCL9_TI_AG10,Donor 1,24 h rhCXCL9_Donor 1,A,24 h rhCXCL9,CD4T,AG10,11,29,Donor 1- age: 29.0,False,CXCL9,653,0,0,0,0,0,0,0,0,0,0,0,0,0,0,0,541,0,63,0,0,49,0,CXCL9_TI_A,Young,13.404843229414631,-15.595156770585369,CD4T
577,_24 h rhCXCL9_CXCL9_TI_B_CD4T,Female,CXCL9_TI,CXCL9_TI_AG11,Donor 2,24 h rhCXCL9_Donor 2,B,24 h rhCXCL9,CD4T,AG11,11,28,Donor 2- age: 28.0,False,CXCL9,764,0,0,0,0,0,0,0,0,0,0,0,0,0,0,0,668,0,52,0,0,44,0,CXCL9_TI_B,Young,19.321608863973054,-8.678391136026946,CD4T
586,_24 h rhCXCL9_CXCL9_TI_C_CD4T,Male,CXCL9_TI,CXCL9_TI_AG12,Donor 3,24 h rhCXCL9_Donor 3,C,24 h rhCXCL9,CD4T,AG12,11,31,Donor 3- age: 31.0,False,CXCL9,1061,0,0,0,0,0,0,0,0,0,0,0,0,0,0,0,981,0,48,0,0,32,0,CXCL9_TI_C,Young,14.147869241502576,-16.852130758497424,CD4T
594,_24 h rhCXCL9_CXCL9_TI_D_CD4T,Female,CXCL9_TI,CXCL9_TI_AG13,Donor 4,24 h rhCXCL9_Donor 4,D,24 h rhCXCL9,CD4T,AG13,11,25,Donor 4- age: 25.0,False,CXCL9,1294,0,0,0,0,0,0,0,0,0,0,0,0,0,0,0,1180,0,59,0,0,55,0,CXCL9_TI_D,Young,11.226869446857492,-13.773130553142508,CD4T
603,_24 h rhCXCL9_CXCL9_TI_E_CD4T,Male,CXCL9_TI,CXCL9_TI_AG14,Donor 5,24 h rhCXCL9_Donor 5,E,24 h rhCXCL9,CD4T,AG14,11,29,Donor 5- age: 29.0,False,CXCL9,1694,0,0,0,0,0,0,0,0,0,0,0,0,0,0,0,1558,0,72,0,0,64,0,CXCL9_TI_E,Young,14.865229361602445,-14.134770638397555,CD4T
612,_24 h rhCXCL9_CXCL9_TI_F_CD4T,Female,CXCL9_TI,CXCL9_TI_AG15,Donor 6,24 h rhCXCL9_Donor 6,F,24 h rhCXCL9,CD4T,AG15,11,30,Donor 6- age: 30.0,False,CXCL9,1441,0,0,0,0,0,0,0,0,0,0,0,0,0,0,0,1323,0,59,0,0,59,0,CXCL9_TI_F,Young,15.81016018759685,-14.18983981240315,CD4T
621,_24 h rhCXCL9_CXCL9_TI_G_CD4T,Female,CXCL9_TI,CXCL9_TI_AG16,Donor 7,24 h rhCXCL9_Donor 7,G,24 h rhCXCL9,CD4T,AG16,11,26,Donor 7- age: 26.0,False,CXCL9,1784,0,0,0,0,0,0,0,0,0,0,0,0,0,0,0,1643,0,91,0,0,50,0,CXCL9_TI_G,Young,13.92906085105615,-12.07093914894385,CD4T
630,_24 h rhIFN-γ_CXCL9_TI_A_CD4T,Male,CXCL9_TI,CXCL9_TI_AG11,Donor 1,24 h rhIFN-γ_Donor 1,A,24 h rhIFN-γ,CD4T,AG11,10,29,Donor 1- age: 29.0,False,CXCL9,560,0,0,0,0,0,0,0,0,0,0,0,0,0,0,0,461,0,65,0,0,34,0,CXCL9_TI_A,Young,19.292704494847186,-9.707295505152814,CD4T
639,_24 h rhIFN-γ_CXCL9_TI_B_CD4T,Female,CXCL9_TI,CXCL9_TI_AG12,Donor 2,24 h rhIFN-γ_Donor 2,B,24 h rhIFN-γ,CD4T,AG12,10,28,Donor 2- age: 28.0,False,CXCL9,737,0,0,0,0,0,0,0,0,0,0,0,0,0,0,0,659,0,41,0,0,37,0,CXCL9_TI_B,Young,22.75064315181058,-5.2493568481894215,CD4T
648,_24 h rhIFN-γ_CXCL9_TI_C_CD4T,Male,CXCL9_TI,CXCL9_TI_AG13,Donor 3,24 h rhIFN-γ_Donor 3,C,24 h rhIFN-γ,CD4T,AG13,10,31,Donor 3- age: 31.0,False,CXCL9,905,0,0,0,0,0,0,0,0,0,0,0,0,0,0,0,835,0,37,0,0,33,0,CXCL9_TI_C,Young,23.320680275615544,-7.679319724384456,CD4T
657,_24 h rhIFN-γ_CXCL9_TI_D_CD4T,Female,CXCL9_TI,CXCL9_TI_AG16,Donor 4,24 h rhIFN-γ_Donor 4,D,24 h rhIFN-γ,CD4T,AG16,10,25,Donor 4- age: 25.0,False,CXCL9,2525,0,0,0,0,0,0,0,0,0,0,0,0,0,0,0,2375,0,61,0,0,89,0,CXCL9_TI_D,Young,20.509276271232487,-4.490723728767513,CD4T
666,_24 h rhIFN-γ_CXCL9_TI_E_CD4T,Male,CXCL9_TI,CXCL9_TI_AG8,Donor 5,24 h rhIFN-γ_Donor 5,E,24 h rhIFN-γ,CD4T,AG8,10,29,Donor 5- age: 29.0,False,CXCL9,964,0,0,0,0,0,0,0,0,0,0,0,0,0,0,0,874,0,24,0,0,66,0,CXCL9_TI_E,Young,18.2304958810017,-10.769504118998299,CD4T
675,_24 h rhIFN-γ_CXCL9_TI_F_CD4T,Female,CXCL9_TI,CXCL9_TI_AG9,Donor 6,24 h rhIFN-γ_Donor 6,F,24 h rhIFN-γ,CD4T,AG9,10,30,Donor 6- age: 30.0,False,CXCL9,975,0,0,0,0,0,0,0,0,0,0,0,0,0,0,0,884,0,36,0,0,55,0,CXCL9_TI_F,Young,17.564594086660378,-12.435405913339622,CD4T
684,_24 h rhIFN-γ_CXCL9_TI_G_CD4T,Female,CXCL9_TI,CXCL9_TI_AG10,Donor 7,24 h rhIFN-γ_Donor 7,G,24 h rhIFN-γ,CD4T,AG10,10,26,Donor 7- age: 26.0,False,CXCL9,1047,0,0,0,0,0,0,0,0,0,0,0,0,0,0,0,970,0,45,0,0,32,0,CXCL9_TI_G,Young,19.190847009661738,-6.809152990338262,CD4T
2,_0 h Unstimulated_CXCL9_TI_A_CD8T,Male,CXCL9_TI,CXCL9_TI_AG1,Donor 1,0 h Unstimulated_Donor 1,A,0 h Unstimulated,CD8T,AG1,1,29,Donor 1- age: 29.0,False,CXCL9,202,0,0,0,0,0,0,0,10,0,0,0,0,0,0,0,0,77,0,39,76,0,0,CXCL9_TI_A,Young,23.765520342844965,-5.234479657155035,CD8T
11,_0 h Unstimulated_CXCL9_TI_B_CD8T,Female,CXCL9_TI,CXCL9_TI_AG2,Donor 2,0 h Unstimulated_Donor 2,B,0 h Unstimulated,CD8T,AG2,1,28,Donor 2- age: 28.0,False,CXCL9,518,0,3,0,0,0,0,0,71,0,0,0,0,0,0,0,0,59,0,312,73,0,0,CXCL9_TI_B,Young,33.10362069790642,5.103620697906422,CD8T
20,_0 h Unstimulated_CXCL9_TI_C_CD8T,Male,CXCL9_TI,CXCL9_TI_AG3,Donor 3,0 h Unstimulated_Donor 3,C,0 h Unstimulated,CD8T,AG3,1,31,Donor 3- age: 31.0,False,CXCL9,239,0,0,0,0,0,0,0,86,0,0,0,0,0,0,0,0,104,0,23,26,0,0,CXCL9_TI_C,Young,29.944388080090672,-1.0556119199093281,CD8T
29,_0 h Unstimulated_CXCL9_TI_D_CD8T,Female,CXCL9_TI,CXCL9_TI_AG4,Donor 4,0 h Unstimulated_Donor 4,D,0 h Unstimulated,CD8T,AG4,1,25,Donor 4- age: 25.0,False,CXCL9,277,0,4,0,0,0,0,0,19,0,0,0,0,0,0,0,0,119,0,67,68,0,0,CXCL9_TI_D,Young,35.93867577831574,10.93867577831574,CD8T
38,_0 h Unstimulated_CXCL9_TI_E_CD8T,Male,CXCL9_TI,CXCL9_TI_AG5,Donor 5,0 h Unstimulated_Donor 5,E,0 h Unstimulated,CD8T,AG5,1,29,Donor 5- age: 29.0,False,CXCL9,378,0,1,0,0,0,0,0,15,0,0,0,0,0,0,0,0,156,0,98,108,0,0,CXCL9_TI_E,Young,29.88923157456193,0.8892315745619292,CD8T
47,_0 h Unstimulated_CXCL9_TI_F_CD8T,Female,CXCL9_TI,CXCL9_TI_AG6,Donor 6,0 h Unstimulated_Donor 6,F,0 h Unstimulated,CD8T,AG6,1,30,Donor 6- age: 30.0,False,CXCL9,360,0,1,0,0,0,0,0,44,0,0,0,0,0,0,0,0,152,0,40,123,0,0,CXCL9_TI_F,Young,29.138524005764186,-0.8614759942358141,CD8T
56,_0 h Unstimulated_CXCL9_TI_G_CD8T,Female,CXCL9_TI,CXCL9_TI_AG7,Donor 7,0 h Unstimulated_Donor 7,G,0 h Unstimulated,CD8T,AG7,1,26,Donor 7- age: 26.0,False,CXCL9,300,0,1,0,0,0,0,0,79,0,0,0,0,0,0,0,0,128,0,33,59,0,0,CXCL9_TI_G,Young,33.00158302896905,7.001583028969051,CD8T
65,_24 h LPS + metformin + ruxolitinib_CXCL9_TI_A_CD8T,Male,CXCL9_TI,CXCL9_TI_AG12,Donor 1,24 h LPS + metformin + ruxolitinib_Donor 1,A,24 h LPS + metformin + ruxolitinib,CD8T,AG12,9,29,Donor 1- age: 29.0,False,CXCL9,517,0,0,0,0,0,0,0,31,0,0,0,0,0,0,0,0,235,0,132,119,0,0,CXCL9_TI_A,Young,48.00877372037856,19.008773720378557,CD8T
74,_24 h LPS + metformin + ruxolitinib_CXCL9_TI_B_CD8T,Female,CXCL9_TI,CXCL9_TI_AG16,Donor 2,24 h LPS + metformin + ruxolitinib_Donor 2,B,24 h LPS + metformin + ruxolitinib,CD8T,AG16,9,28,Donor 2- age: 28.0,False,CXCL9,1988,0,1,0,0,0,0,0,273,0,0,0,0,0,0,0,0,282,0,1152,280,0,0,CXCL9_TI_B,Young,51.29942427398784,23.29942427398784,CD8T
83,_24 h LPS + metformin + ruxolitinib_CXCL9_TI_C_CD8T,Male,CXCL9_TI,CXCL9_TI_AG14,Donor 3,24 h LPS + metformin + ruxolitinib_Donor 3,C,24 h LPS + metformin + ruxolitinib,CD8T,AG14,9,31,Donor 3- age: 31.0,False,CXCL9,799,0,1,0,0,0,0,0,292,0,0,0,0,0,0,0,0,338,0,91,77,0,0,CXCL9_TI_C,Young,42.519165997370514,11.519165997370514,CD8T
92,_24 h LPS + metformin + ruxolitinib_CXCL9_TI_D_CD8T,Female,CXCL9_TI,CXCL9_TI_AG8,Donor 4,24 h LPS + metformin + ruxolitinib_Donor 4,D,24 h LPS + metformin + ruxolitinib,CD8T,AG8,9,25,Donor 4- age: 25.0,False,CXCL9,706,0,9,0,0,0,0,0,67,0,0,0,0,0,0,0,0,267,0,151,212,0,0,CXCL9_TI_D,Young,54.046564347325685,29.046564347325685,CD8T
101,_24 h LPS + metformin + ruxolitinib_CXCL9_TI_E_CD8T,Male,CXCL9_TI,CXCL9_TI_AG9,Donor 5,24 h LPS + metformin + ruxolitinib_Donor 5,E,24 h LPS + metformin + ruxolitinib,CD8T,AG9,9,29,Donor 5- age: 29.0,False,CXCL9,745,0,3,0,0,0,0,0,34,0,0,0,0,0,0,0,0,380,0,177,151,0,0,CXCL9_TI_E,Young,47.20648170338686,18.206481703386856,CD8T
110,_24 h LPS + metformin + ruxolitinib_CXCL9_TI_F_CD8T,Female,CXCL9_TI,CXCL9_TI_AG10,Donor 6,24 h LPS + metformin + ruxolitinib_Donor 6,F,24 h LPS + metformin + ruxolitinib,CD8T,AG10,9,30,Donor 6- age: 30.0,False,CXCL9,892,0,6,0,0,0,0,0,167,0,0,0,0,0,0,0,0,401,0,90,228,0,0,CXCL9_TI_F,Young,45.94939497393193,15.94939497393193,CD8T
119,_24 h LPS + metformin + ruxolitinib_CXCL9_TI_G_CD8T,Female,CXCL9_TI,CXCL9_TI_AG11,Donor 7,24 h LPS + metformin + ruxolitinib_Donor 7,G,24 h LPS + metformin + ruxolitinib,CD8T,AG11,9,26,Donor 7- age: 26.0,False,CXCL9,457,0,4,0,0,0,0,0,154,0,0,0,0,0,0,0,0,178,0,26,95,0,0,CXCL9_TI_G,Young,49.43144205408013,23.43144205408013,CD8T
128,_24 h LPS + metformin_CXCL9_TI_A_CD8T,Male,CXCL9_TI,CXCL9_TI_AG14,Donor 1,24 h LPS + metformin_Donor 1,A,24 h LPS + metformin,CD8T,AG14,7,29,Donor 1- age: 29.0,False,CXCL9,678,0,0,0,0,0,0,0,57,0,0,0,0,0,0,0,0,284,0,197,140,0,0,CXCL9_TI_A,Young,47.84434950727748,18.844349507277478,CD8T
137,_24 h LPS + metformin_CXCL9_TI_B_CD8T,Female,CXCL9_TI,CXCL9_TI_AG8,Donor 2,24 h LPS + metformin_Donor 2,B,24 h LPS + metformin,CD8T,AG8,7,28,Donor 2- age: 28.0,False,CXCL9,1060,0,7,0,0,0,0,0,143,0,0,0,0,0,0,0,0,123,0,626,161,0,0,CXCL9_TI_B,Young,53.989818094837645,25.989818094837645,CD8T
146,_24 h LPS + metformin_CXCL9_TI_C_CD8T,Male,CXCL9_TI,CXCL9_TI_AG9,Donor 3,24 h LPS + metformin_Donor 3,C,24 h LPS + metformin,CD8T,AG9,7,31,Donor 3- age: 31.0,False,CXCL9,399,0,1,0,0,0,0,0,154,0,0,0,0,0,0,0,0,143,0,60,41,0,0,CXCL9_TI_C,Young,41.266066252119515,10.266066252119515,CD8T
155,_24 h LPS + metformin_CXCL9_TI_D_CD8T,Female,CXCL9_TI,CXCL9_TI_AG10,Donor 4,24 h LPS + metformin_Donor 4,D,24 h LPS + metformin,CD8T,AG10,7,25,Donor 4- age: 25.0,False,CXCL9,614,0,8,0,0,0,0,0,43,0,0,0,0,0,0,0,0,256,0,157,150,0,0,CXCL9_TI_D,Young,51.87508711974567,26.87508711974567,CD8T
164,_24 h LPS + metformin_CXCL9_TI_E_CD8T,Male,CXCL9_TI,CXCL9_TI_AG15,Donor 5,24 h LPS + metformin_Donor 5,E,24 h LPS + metformin,CD8T,AG15,7,29,Donor 5- age: 29.0,False,CXCL9,902,0,1,0,0,0,0,0,42,0,0,0,0,0,0,0,0,435,0,252,172,0,0,CXCL9_TI_E,Young,46.32070678905908,17.32070678905908,CD8T
173,_24 h LPS + metformin_CXCL9_TI_F_CD8T,Female,CXCL9_TI,CXCL9_TI_AG12,Donor 6,24 h LPS + metformin_Donor 6,F,24 h LPS + metformin,CD8T,AG12,7,30,Donor 6- age: 30.0,False,CXCL9,837,0,4,0,0,0,0,0,166,0,0,0,0,0,0,0,0,354,0,111,202,0,0,CXCL9_TI_F,Young,48.0374982698477,18.037498269847703,CD8T
182,_24 h LPS + metformin_CXCL9_TI_G_CD8T,Female,CXCL9_TI,CXCL9_TI_AG13,Donor 7,24 h LPS + metformin_Donor 7,G,24 h LPS + metformin,CD8T,AG13,7,26,Donor 7- age: 26.0,False,CXCL9,407,0,5,0,0,0,0,0,147,0,0,0,0,0,0,0,0,144,0,34,77,0,0,CXCL9_TI_G,Young,48.27843435720189,22.27843435720189,CD8T
191,_24 h LPS + ruxolitinib_CXCL9_TI_A_CD8T,Male,CXCL9_TI,CXCL9_TI_AG13,Donor 1,LPS + ruxolitinib_Donor 1,A,LPS + ruxolitinib,CD8T,AG13,8,29,Donor 1- age: 29.0,False,CXCL9,407,0,2,0,0,0,0,0,36,0,0,0,0,0,0,0,0,183,0,96,90,0,0,CXCL9_TI_A,Young,45.17911831203352,16.179118312033523,CD8T
200,_24 h LPS + ruxolitinib_CXCL9_TI_B_CD8T,Female,CXCL9_TI,CXCL9_TI_AG15,Donor 2,LPS + ruxolitinib_Donor 2,B,LPS + ruxolitinib,CD8T,AG15,8,28,Donor 2- age: 28.0,False,CXCL9,1425,0,6,0,0,0,0,0,163,0,0,0,0,0,0,0,0,222,0,786,248,0,0,CXCL9_TI_B,Young,55.43943192492709,27.439431924927092,CD8T
209,_24 h LPS + ruxolitinib_CXCL9_TI_C_CD8T,Male,CXCL9_TI,CXCL9_TI_AG8,Donor 3,LPS + ruxolitinib_Donor 3,C,LPS + ruxolitinib,CD8T,AG8,8,31,Donor 3- age: 31.0,False,CXCL9,535,0,1,0,0,0,0,0,190,0,0,0,0,0,0,0,0,239,0,39,66,0,0,CXCL9_TI_C,Young,43.40212376070888,12.402123760708882,CD8T
218,_24 h LPS + ruxolitinib_CXCL9_TI_D_CD8T,Female,CXCL9_TI,CXCL9_TI_AG9,Donor 4,LPS + ruxolitinib_Donor 4,D,LPS + ruxolitinib,CD8T,AG9,8,25,Donor 4- age: 25.0,False,CXCL9,690,0,17,0,0,0,0,0,41,0,0,0,0,0,0,0,0,291,0,141,200,0,0,CXCL9_TI_D,Young,51.80897360072403,26.80897360072403,CD8T
227,_24 h LPS + ruxolitinib_CXCL9_TI_E_CD8T,Male,CXCL9_TI,CXCL9_TI_AG10,Donor 5,LPS + ruxolitinib_Donor 5,E,LPS + ruxolitinib,CD8T,AG10,8,29,Donor 5- age: 29.0,False,CXCL9,778,0,1,0,0,0,0,0,37,0,0,0,0,0,0,0,0,384,0,191,165,0,0,CXCL9_TI_E,Young,46.67014503320599,17.67014503320599,CD8T
236,_24 h LPS + ruxolitinib_CXCL9_TI_F_CD8T,Female,CXCL9_TI,CXCL9_TI_AG11,Donor 6,LPS + ruxolitinib_Donor 6,F,LPS + ruxolitinib,CD8T,AG11,8,30,Donor 6- age: 30.0,False,CXCL9,703,0,11,0,0,0,0,0,108,0,0,0,0,0,0,0,0,330,0,68,186,0,0,CXCL9_TI_F,Young,49.76424652144786,19.76424652144786,CD8T
245,_24 h LPS + ruxolitinib_CXCL9_TI_G_CD8T,Female,CXCL9_TI,CXCL9_TI_AG15,Donor 7,LPS + ruxolitinib_Donor 7,G,LPS + ruxolitinib,CD8T,AG15,8,26,Donor 7- age: 26.0,False,CXCL9,657,0,12,0,0,0,0,0,230,0,0,0,0,0,0,0,0,235,0,49,131,0,0,CXCL9_TI_G,Young,49.648443174628134,23.648443174628134,CD8T
254,_24 h LPS_CXCL9_TI_A_CD8T,Male,CXCL9_TI,CXCL9_TI_AG8,Donor 1,LPS_Donor 1,A,LPS,CD8T,AG8,6,29,Donor 1- age: 29.0,False,CXCL9,370,0,0,0,0,0,0,0,28,0,0,0,0,0,0,0,0,161,0,109,72,0,0,CXCL9_TI_A,Young,47.605125852168726,18.605125852168726,CD8T
263,_24 h LPS_CXCL9_TI_B_CD8T,Female,CXCL9_TI,CXCL9_TI_AG9,Donor 2,LPS_Donor 2,B,LPS,CD8T,AG9,6,28,Donor 2- age: 28.0,False,CXCL9,1005,0,1,0,0,0,0,0,120,0,0,0,0,0,0,0,0,158,0,591,135,0,0,CXCL9_TI_B,Young,50.87101648920536,22.87101648920536,CD8T
272,_24 h LPS_CXCL9_TI_C_CD8T,Male,CXCL9_TI,CXCL9_TI_AG16,Donor 3,LPS_Donor 3,C,LPS,CD8T,AG16,6,31,Donor 3- age: 31.0,False,CXCL9,697,0,0,0,0,0,0,0,258,0,0,0,0,0,0,0,0,283,0,75,81,0,0,CXCL9_TI_C,Young,43.208277865159545,12.208277865159545,CD8T
281,_24 h LPS_CXCL9_TI_D_CD8T,Female,CXCL9_TI,CXCL9_TI_AG11,Donor 4,LPS_Donor 4,D,LPS,CD8T,AG11,6,25,Donor 4- age: 25.0,False,CXCL9,629,0,6,0,0,0,0,0,51,0,0,0,0,0,0,0,0,218,0,173,181,0,0,CXCL9_TI_D,Young,55.46592409490675,30.465924094906747,CD8T
290,_24 h LPS_CXCL9_TI_E_CD8T,Male,CXCL9_TI,CXCL9_TI_AG12,Donor 5,LPS_Donor 5,E,LPS,CD8T,AG12,6,29,Donor 5- age: 29.0,False,CXCL9,693,0,4,0,0,0,0,0,23,0,0,0,0,0,0,0,0,322,0,184,160,0,0,CXCL9_TI_E,Young,46.49952777115601,17.49952777115601,CD8T
299,_24 h LPS_CXCL9_TI_F_CD8T,Female,CXCL9_TI,CXCL9_TI_AG13,Donor 6,LPS_Donor 6,F,LPS,CD8T,AG13,6,30,Donor 6- age: 30.0,False,CXCL9,687,0,4,0,0,0,0,0,136,0,0,0,0,0,0,0,0,320,0,81,146,0,0,CXCL9_TI_F,Young,45.342847258996166,15.342847258996166,CD8T
308,_24 h LPS_CXCL9_TI_G_CD8T,Female,CXCL9_TI,CXCL9_TI_AG14,Donor 7,LPS_Donor 7,G,LPS,CD8T,AG14,6,26,Donor 7- age: 26.0,False,CXCL9,864,0,8,0,0,0,0,0,280,0,0,0,0,0,0,0,0,307,0,90,179,0,0,CXCL9_TI_G,Young,45.85440619097827,19.854406190978267,CD8T
317,_24 h RPMI + metformin + ruxolitinib_CXCL9_TI_A_CD8T,Male,CXCL9_TI,CXCL9_TI_AG4,Donor 1,24 h RPMI + metformin + ruxolitinib_Donor 1,A,24 h RPMI + metformin + ruxolitinib,CD8T,AG4,5,29,Donor 1- age: 29.0,False,CXCL9,642,0,2,0,0,0,0,0,54,0,0,0,0,0,0,0,0,275,0,158,153,0,0,CXCL9_TI_A,Young,41.54619530760881,12.546195307608812,CD8T
326,_24 h RPMI + metformin + ruxolitinib_CXCL9_TI_B_CD8T,Female,CXCL9_TI,CXCL9_TI_AG5,Donor 2,24 h RPMI + metformin + ruxolitinib_Donor 2,B,24 h RPMI + metformin + ruxolitinib,CD8T,AG5,5,28,Donor 2- age: 28.0,False,CXCL9,1164,0,8,0,0,0,0,0,152,0,0,0,0,0,0,0,0,175,0,677,152,0,0,CXCL9_TI_B,Young,48.02117717540142,20.02117717540142,CD8T
335,_24 h RPMI + metformin + ruxolitinib_CXCL9_TI_C_CD8T,Male,CXCL9_TI,CXCL9_TI_AG6,Donor 3,24 h RPMI + metformin + ruxolitinib_Donor 3,C,24 h RPMI + metformin + ruxolitinib,CD8T,AG6,5,31,Donor 3- age: 31.0,False,CXCL9,718,0,0,0,0,0,0,0,255,0,0,0,0,0,0,0,0,309,0,79,75,0,0,CXCL9_TI_C,Young,39.363572040098376,8.363572040098376,CD8T
344,_24 h RPMI + metformin + ruxolitinib_CXCL9_TI_D_CD8T,Female,CXCL9_TI,CXCL9_TI_AG7,Donor 4,24 h RPMI + metformin + ruxolitinib_Donor 4,D,24 h RPMI + metformin + ruxolitinib,CD8T,AG7,5,25,Donor 4- age: 25.0,False,CXCL9,756,0,10,0,0,0,0,0,61,0,0,0,0,0,0,0,0,303,0,196,186,0,0,CXCL9_TI_D,Young,53.03744661594677,28.03744661594677,CD8T
353,_24 h RPMI + metformin + ruxolitinib_CXCL9_TI_E_CD8T,Male,CXCL9_TI,CXCL9_TI_AG1,Donor 5,24 h RPMI + metformin + ruxolitinib_Donor 5,E,24 h RPMI + metformin + ruxolitinib,CD8T,AG1,5,29,Donor 5- age: 29.0,False,CXCL9,728,0,1,0,0,0,0,0,27,0,0,0,0,0,0,0,0,377,0,193,130,0,0,CXCL9_TI_E,Young,38.45810106204214,9.45810106204214,CD8T
362,_24 h RPMI + metformin + ruxolitinib_CXCL9_TI_F_CD8T,Female,CXCL9_TI,CXCL9_TI_AG2,Donor 6,24 h RPMI + metformin + ruxolitinib_Donor 6,F,24 h RPMI + metformin + ruxolitinib,CD8T,AG2,5,30,Donor 6- age: 30.0,False,CXCL9,1117,0,8,0,0,0,0,0,216,0,0,0,0,0,0,0,0,509,0,127,257,0,0,CXCL9_TI_F,Young,45.416208604399145,15.416208604399145,CD8T
371,_24 h RPMI + metformin + ruxolitinib_CXCL9_TI_G_CD8T,Female,CXCL9_TI,CXCL9_TI_AG3,Donor 7,24 h RPMI + metformin + ruxolitinib_Donor 7,G,24 h RPMI + metformin + ruxolitinib,CD8T,AG3,5,26,Donor 7- age: 26.0,False,CXCL9,650,0,8,0,0,0,0,0,218,0,0,0,0,0,0,0,0,248,0,44,132,0,0,CXCL9_TI_G,Young,45.21964092378129,19.21964092378129,CD8T
380,_24 h RPMI + metformin_CXCL9_TI_A_CD8T,Male,CXCL9_TI,CXCL9_TI_AG6,Donor 1,24 h RPMI + metformin_Donor 1,A,24 h RPMI + metformin,CD8T,AG6,3,29,Donor 1- age: 29.0,False,CXCL9,629,0,2,0,0,0,0,0,42,0,0,0,0,0,0,0,0,279,0,174,132,0,0,CXCL9_TI_A,Young,38.742614205956684,9.742614205956684,CD8T
389,_24 h RPMI + metformin_CXCL9_TI_B_CD8T,Female,CXCL9_TI,CXCL9_TI_AG7,Donor 2,24 h RPMI + metformin_Donor 2,B,24 h RPMI + metformin,CD8T,AG7,3,28,Donor 2- age: 28.0,False,CXCL9,1166,0,3,0,0,0,0,0,139,0,0,0,0,0,0,0,0,166,0,667,191,0,0,CXCL9_TI_B,Young,49.48378676025484,21.483786760254837,CD8T
398,_24 h RPMI + metformin_CXCL9_TI_C_CD8T,Male,CXCL9_TI,CXCL9_TI_AG1,Donor 3,24 h RPMI + metformin_Donor 3,C,24 h RPMI + metformin,CD8T,AG1,3,31,Donor 3- age: 31.0,False,CXCL9,402,0,1,0,0,0,0,0,145,0,0,0,0,0,0,0,0,167,0,41,48,0,0,CXCL9_TI_C,Young,37.61815921281874,6.618159212818739,CD8T
407,_24 h RPMI + metformin_CXCL9_TI_D_CD8T,Female,CXCL9_TI,CXCL9_TI_AG2,Donor 4,24 h RPMI + metformin_Donor 4,D,24 h RPMI + metformin,CD8T,AG2,3,25,Donor 4- age: 25.0,False,CXCL9,873,0,12,0,0,0,0,0,76,0,0,0,0,0,0,0,0,330,0,229,226,0,0,CXCL9_TI_D,Young,48.02597262485568,23.025972624855683,CD8T
416,_24 h RPMI + metformin_CXCL9_TI_E_CD8T,Male,CXCL9_TI,CXCL9_TI_AG3,Donor 5,24 h RPMI + metformin_Donor 5,E,24 h RPMI + metformin,CD8T,AG3,3,29,Donor 5- age: 29.0,False,CXCL9,737,0,2,0,0,0,0,0,32,0,0,0,0,0,0,0,0,367,0,204,132,0,0,CXCL9_TI_E,Young,39.3002596584395,10.3002596584395,CD8T
425,_24 h RPMI + metformin_CXCL9_TI_F_CD8T,Female,CXCL9_TI,CXCL9_TI_AG4,Donor 6,24 h RPMI + metformin_Donor 6,F,24 h RPMI + metformin,CD8T,AG4,3,30,Donor 6- age: 30.0,False,CXCL9,820,0,12,0,0,0,0,0,158,0,0,0,0,0,0,0,0,356,0,117,177,0,0,CXCL9_TI_F,Young,45.68093492102654,15.680934921026541,CD8T
434,_24 h RPMI + metformin_CXCL9_TI_G_CD8T,Female,CXCL9_TI,CXCL9_TI_AG5,Donor 7,24 h RPMI + metformin_Donor 7,G,24 h RPMI + metformin,CD8T,AG5,3,26,Donor 7- age: 26.0,False,CXCL9,580,0,12,0,0,0,0,0,200,0,0,0,0,0,0,0,0,221,0,40,107,0,0,CXCL9_TI_G,Young,45.79305061666968,19.79305061666968,CD8T
443,_24 h RPMI + ruxolitinib_CXCL9_TI_A_CD8T,Male,CXCL9_TI,CXCL9_TI_AG5,Donor 1,RPMI + ruxolitinib_Donor 1,A,RPMI + ruxolitinib,CD8T,AG5,4,29,Donor 1- age: 29.0,False,CXCL9,591,0,2,0,0,0,0,0,46,0,0,0,0,0,0,0,0,286,0,146,111,0,0,CXCL9_TI_A,Young,35.04023050365193,6.040230503651927,CD8T
452,_24 h RPMI + ruxolitinib_CXCL9_TI_B_CD8T,Female,CXCL9_TI,CXCL9_TI_AG6,Donor 2,RPMI + ruxolitinib_Donor 2,B,RPMI + ruxolitinib,CD8T,AG6,4,28,Donor 2- age: 28.0,False,CXCL9,1844,0,5,0,0,0,0,0,228,0,0,0,0,0,0,0,0,310,0,1044,257,0,0,CXCL9_TI_B,Young,45.337681870764925,17.337681870764925,CD8T
461,_24 h RPMI + ruxolitinib_CXCL9_TI_C_CD8T,Male,CXCL9_TI,CXCL9_TI_AG7,Donor 3,RPMI + ruxolitinib_Donor 3,C,RPMI + ruxolitinib,CD8T,AG7,4,31,Donor 3- age: 31.0,False,CXCL9,506,0,3,0,0,0,0,0,167,0,0,0,0,0,0,0,0,215,0,54,67,0,0,CXCL9_TI_C,Young,41.448366525902195,10.448366525902195,CD8T
470,_24 h RPMI + ruxolitinib_CXCL9_TI_D_CD8T,Female,CXCL9_TI,CXCL9_TI_AG1,Donor 4,RPMI + ruxolitinib_Donor 4,D,RPMI + ruxolitinib,CD8T,AG1,4,25,Donor 4- age: 25.0,False,CXCL9,695,0,11,0,0,0,0,0,51,0,0,0,0,0,0,0,0,303,0,170,160,0,0,CXCL9_TI_D,Young,47.02951437552754,22.02951437552754,CD8T
479,_24 h RPMI + ruxolitinib_CXCL9_TI_E_CD8T,Male,CXCL9_TI,CXCL9_TI_AG2,Donor 5,RPMI + ruxolitinib_Donor 5,E,RPMI + ruxolitinib,CD8T,AG2,4,29,Donor 5- age: 29.0,False,CXCL9,1061,0,6,0,0,0,0,0,47,0,0,0,0,0,0,0,0,492,0,277,239,0,0,CXCL9_TI_E,Young,41.724618521129145,12.724618521129145,CD8T
488,_24 h RPMI + ruxolitinib_CXCL9_TI_F_CD8T,Female,CXCL9_TI,CXCL9_TI_AG3,Donor 6,RPMI + ruxolitinib_Donor 6,F,RPMI + ruxolitinib,CD8T,AG3,4,30,Donor 6- age: 30.0,False,CXCL9,820,0,9,0,0,0,0,0,151,0,0,0,0,0,0,0,0,358,0,98,204,0,0,CXCL9_TI_F,Young,46.290004995549026,16.290004995549026,CD8T
497,_24 h RPMI + ruxolitinib_CXCL9_TI_G_CD8T,Female,CXCL9_TI,CXCL9_TI_AG4,Donor 7,RPMI + ruxolitinib_Donor 7,G,RPMI + ruxolitinib,CD8T,AG4,4,26,Donor 7- age: 26.0,False,CXCL9,635,0,7,0,0,0,0,0,236,0,0,0,0,0,0,0,0,229,0,51,112,0,0,CXCL9_TI_G,Young,45.73443397518392,19.73443397518392,CD8T
506,_24 h RPMI_CXCL9_TI_A_CD8T,Male,CXCL9_TI,CXCL9_TI_AG7,Donor 1,RPMI_Donor 1,A,RPMI,CD8T,AG7,2,29,Donor 1- age: 29.0,False,CXCL9,506,0,1,0,0,0,0,0,26,0,0,0,0,0,0,0,0,224,0,137,118,0,0,CXCL9_TI_A,Young,38.741102342280655,9.741102342280655,CD8T
515,_24 h RPMI_CXCL9_TI_B_CD8T,Female,CXCL9_TI,CXCL9_TI_AG1,Donor 2,RPMI_Donor 2,B,RPMI,CD8T,AG1,2,28,Donor 2- age: 28.0,False,CXCL9,954,0,2,0,0,0,0,0,116,0,0,0,0,0,0,0,0,115,0,581,140,0,0,CXCL9_TI_B,Young,50.42845946849221,22.428459468492207,CD8T
524,_24 h RPMI_CXCL9_TI_C_CD8T,Male,CXCL9_TI,CXCL9_TI_AG2,Donor 3,RPMI_Donor 3,C,RPMI,CD8T,AG2,2,31,Donor 3- age: 31.0,False,CXCL9,563,0,1,0,0,0,0,0,210,0,0,0,0,0,0,0,0,220,0,61,71,0,0,CXCL9_TI_C,Young,40.90201919398572,9.902019193985723,CD8T
533,_24 h RPMI_CXCL9_TI_D_CD8T,Female,CXCL9_TI,CXCL9_TI_AG3,Donor 4,RPMI_Donor 4,D,RPMI,CD8T,AG3,2,25,Donor 4- age: 25.0,False,CXCL9,660,0,4,0,0,0,0,0,55,0,0,0,0,0,0,0,0,276,0,171,154,0,0,CXCL9_TI_D,Young,48.31777651875294,23.317776518752943,CD8T
542,_24 h RPMI_CXCL9_TI_E_CD8T,Male,CXCL9_TI,CXCL9_TI_AG4,Donor 5,RPMI_Donor 5,E,RPMI,CD8T,AG4,2,29,Donor 5- age: 29.0,False,CXCL9,853,0,0,0,0,0,0,0,30,0,0,0,0,0,0,0,0,414,0,240,169,0,0,CXCL9_TI_E,Young,40.44957687613997,11.449576876139972,CD8T
551,_24 h RPMI_CXCL9_TI_F_CD8T,Female,CXCL9_TI,CXCL9_TI_AG5,Donor 6,RPMI_Donor 6,F,RPMI,CD8T,AG5,2,30,Donor 6- age: 30.0,False,CXCL9,646,0,10,0,0,0,0,0,118,0,0,0,0,0,0,0,0,305,0,94,119,0,0,CXCL9_TI_F,Young,42.47973713894878,12.479737138948778,CD8T
560,_24 h RPMI_CXCL9_TI_G_CD8T,Female,CXCL9_TI,CXCL9_TI_AG6,Donor 7,RPMI_Donor 7,G,RPMI,CD8T,AG6,2,26,Donor 7- age: 26.0,False,CXCL9,692,0,8,0,0,0,0,0,252,0,0,0,0,0,0,0,0,236,0,61,135,0,0,CXCL9_TI_G,Young,44.24038358531003,18.240383585310028,CD8T
569,_24 h rhCXCL9_CXCL9_TI_A_CD8T,Male,CXCL9_TI,CXCL9_TI_AG10,Donor 1,24 h rhCXCL9_Donor 1,A,24 h rhCXCL9,CD8T,AG10,11,29,Donor 1- age: 29.0,False,CXCL9,526,0,1,0,0,0,0,0,49,0,0,0,0,0,0,0,0,216,0,143,117,0,0,CXCL9_TI_A,Young,39.89771470482354,10.897714704823542,CD8T
578,_24 h rhCXCL9_CXCL9_TI_B_CD8T,Female,CXCL9_TI,CXCL9_TI_AG11,Donor 2,24 h rhCXCL9_Donor 2,B,24 h rhCXCL9,CD8T,AG11,11,28,Donor 2- age: 28.0,False,CXCL9,1104,0,1,0,0,0,0,0,154,0,0,0,0,0,0,0,0,160,0,644,145,0,0,CXCL9_TI_B,Young,48.3034119398409,20.3034119398409,CD8T
587,_24 h rhCXCL9_CXCL9_TI_C_CD8T,Male,CXCL9_TI,CXCL9_TI_AG12,Donor 3,24 h rhCXCL9_Donor 3,C,24 h rhCXCL9,CD8T,AG12,11,31,Donor 3- age: 31.0,False,CXCL9,461,0,1,0,0,0,0,0,153,0,0,0,0,0,0,0,0,201,0,48,58,0,0,CXCL9_TI_C,Young,37.61454256398915,6.614542563989147,CD8T
595,_24 h rhCXCL9_CXCL9_TI_D_CD8T,Female,CXCL9_TI,CXCL9_TI_AG13,Donor 4,24 h rhCXCL9_Donor 4,D,24 h rhCXCL9,CD8T,AG13,11,25,Donor 4- age: 25.0,False,CXCL9,597,0,6,0,0,0,0,0,52,0,0,0,0,0,0,0,0,240,0,164,135,0,0,CXCL9_TI_D,Young,46.810896805059876,21.810896805059876,CD8T
604,_24 h rhCXCL9_CXCL9_TI_E_CD8T,Male,CXCL9_TI,CXCL9_TI_AG14,Donor 5,24 h rhCXCL9_Donor 5,E,24 h rhCXCL9,CD8T,AG14,11,29,Donor 5- age: 29.0,False,CXCL9,1338,0,2,0,0,0,0,0,43,0,0,0,0,0,0,0,0,673,0,391,229,0,0,CXCL9_TI_E,Young,41.69811545191337,12.698115451913367,CD8T
613,_24 h rhCXCL9_CXCL9_TI_F_CD8T,Female,CXCL9_TI,CXCL9_TI_AG15,Donor 6,24 h rhCXCL9_Donor 6,F,24 h rhCXCL9,CD8T,AG15,11,30,Donor 6- age: 30.0,False,CXCL9,972,0,4,0,0,0,0,0,175,0,0,0,0,0,0,0,0,464,0,132,197,0,0,CXCL9_TI_F,Young,46.41423963651576,16.41423963651576,CD8T
622,_24 h rhCXCL9_CXCL9_TI_G_CD8T,Female,CXCL9_TI,CXCL9_TI_AG16,Donor 7,24 h rhCXCL9_Donor 7,G,24 h rhCXCL9,CD8T,AG16,11,26,Donor 7- age: 26.0,False,CXCL9,831,0,6,0,0,0,0,0,298,0,0,0,0,0,0,0,0,315,0,64,148,0,0,CXCL9_TI_G,Young,42.171666732754716,16.171666732754716,CD8T
631,_24 h rhIFN-γ_CXCL9_TI_A_CD8T,Male,CXCL9_TI,CXCL9_TI_AG11,Donor 1,24 h rhIFN-γ_Donor 1,A,24 h rhIFN-γ,CD8T,AG11,10,29,Donor 1- age: 29.0,False,CXCL9,427,0,0,0,0,0,0,0,28,0,0,0,0,0,0,0,0,197,0,117,85,0,0,CXCL9_TI_A,Young,41.562402733972114,12.562402733972114,CD8T
640,_24 h rhIFN-γ_CXCL9_TI_B_CD8T,Female,CXCL9_TI,CXCL9_TI_AG12,Donor 2,24 h rhIFN-γ_Donor 2,B,24 h rhIFN-γ,CD8T,AG12,10,28,Donor 2- age: 28.0,False,CXCL9,1041,0,2,0,0,0,0,0,138,0,0,0,0,0,0,0,0,155,0,624,122,0,0,CXCL9_TI_B,Young,50.739592575288555,22.739592575288555,CD8T
649,_24 h rhIFN-γ_CXCL9_TI_C_CD8T,Male,CXCL9_TI,CXCL9_TI_AG13,Donor 3,24 h rhIFN-γ_Donor 3,C,24 h rhIFN-γ,CD8T,AG13,10,31,Donor 3- age: 31.0,False,CXCL9,419,0,3,0,0,0,0,0,172,0,0,0,0,0,0,0,0,153,0,46,45,0,0,CXCL9_TI_C,Young,42.445673421134664,11.445673421134664,CD8T
658,_24 h rhIFN-γ_CXCL9_TI_D_CD8T,Female,CXCL9_TI,CXCL9_TI_AG16,Donor 4,24 h rhIFN-γ_Donor 4,D,24 h rhIFN-γ,CD8T,AG16,10,25,Donor 4- age: 25.0,False,CXCL9,1124,0,6,0,0,0,0,0,94,0,0,0,0,0,0,0,0,443,0,333,248,0,0,CXCL9_TI_D,Young,52.28618742503173,27.286187425031727,CD8T
667,_24 h rhIFN-γ_CXCL9_TI_E_CD8T,Male,CXCL9_TI,CXCL9_TI_AG8,Donor 5,24 h rhIFN-γ_Donor 5,E,24 h rhIFN-γ,CD8T,AG8,10,29,Donor 5- age: 29.0,False,CXCL9,738,0,2,0,0,0,0,0,36,0,0,0,0,0,0,0,0,338,0,234,128,0,0,CXCL9_TI_E,Young,42.17922637875894,13.17922637875894,CD8T
676,_24 h rhIFN-γ_CXCL9_TI_F_CD8T,Female,CXCL9_TI,CXCL9_TI_AG9,Donor 6,24 h rhIFN-γ_Donor 6,F,24 h rhIFN-γ,CD8T,AG9,10,30,Donor 6- age: 30.0,False,CXCL9,736,0,4,0,0,0,0,0,142,0,0,0,0,0,0,0,0,313,0,111,166,0,0,CXCL9_TI_F,Young,50.89775738099763,20.897757380997632,CD8T
685,_24 h rhIFN-γ_CXCL9_TI_G_CD8T,Female,CXCL9_TI,CXCL9_TI_AG10,Donor 7,24 h rhIFN-γ_Donor 7,G,24 h rhIFN-γ,CD8T,AG10,10,26,Donor 7- age: 26.0,False,CXCL9,535,0,5,0,0,0,0,0,199,0,0,0,0,0,0,0,0,180,0,58,93,0,0,CXCL9_TI_G,Young,48.07128924763923,22.07128924763923,CD8T
